,사고번호,사고일시,요일,시군구,사고내용,사망자수,중상자수,경상자수,부상신고자수,사고유형,법규위반,노면상태,기상상태,도로형태,가해운전자 차종,가해운전자 성별,가해운전자 연령,가해운전자 상해정도,피해운전자 차종,피해운전자 성별,피해운전자 연령,피해운전자 상해정도,lat,lon
0,2017012800100166,2017년 1월 28일 14시,토요일,경기도 오산시 금암동,경상사고,0,0,6,0,차대차 - 추돌,안전운전불이행,포장 - 건조,맑음,단일로 - 기타,승용,남,62세,상해없음,승용,남,39세,경상,37.174345892204066,127.05054574500852
1,2017030600100321,2017년 3월 6일 15시,월요일,경기도 오산시 금암동,부상신고사고,0,0,0,1,차대사람 - 횡단중,안전운전불이행,포장 - 건조,맑음,교차로 - 교차로부근,승합,남,54세,상해없음,보행자,남,9세,부상신고,37.17551586284096,127.04997622400855
2,2017030600100420,2017년 3월 6일 18시,월요일,경기도 오산시 원동,중상사고,0,1,0,0,차대사람 - 횡단중,안전운전불이행,포장 - 건조,맑음,단일로 - 기타,승합,남,48세,상해없음,보행자,여,12세,중상,37.13618962538052,127.08254379980262
3,2017031500100415,2017년 3월 15일 17시,수요일,경기도 오산시 오산동,중상사고,0,1,0,0,차대차 - 기타,신호위반,포장 - 건조,맑음,교차로 - 교차로횡단보도내,승합,여,53세,상해없음,자전거,남,11세,중상,37.15361798268713,127.07713340726178
4,2017032100100170,2017년 3월 21일 09시,화요일,경기도 오산시 세교동,중상사고,0,1,1,0,차대차 - 측면충돌,안전운전불이행,포장 - 건조,맑음,단일로 - 기타,건설기계,남,54세,상해없음,승용,여,31세,중상,37.18642659899679,127.03872573767913
5,2017033000100128,2017년 3월 30일 08시,목요일,경기도 오산시 궐동,경상사고,0,0,3,0,차대차 - 측면충돌,교차로운행방법위반,포장 - 건조,맑음,교차로 - 교차로안,승용,남,65세,경상,승용,여,33세,경상,37.15815494256663,127.05378265086729
6,2017040400100369,2017년 4월 4일 17시,화요일,경기도 오산시 오산동,경상사고,0,0,1,0,차대사람 - 횡단중,안전운전불이행,포장 - 건조,맑음,단일로 - 기타,승용,남,43세,상해없음,보행자,여,10세,경상,37.159034191667104,127.0762966947377
7,2017041200100335,2017년 4월 12일 16시,수요일,경기도 오산시 오산동,경상사고,0,0,2,1,차대차 - 기타,안전운전불이행,포장 - 건조,맑음,단일로 - 기타,승합,남,61세,상해없음,승용,남,37세,경상,37.153437726408306,127.07715678616901
8,2017041700100095,2017년 4월 17일 08시,월요일,경기도 오산시 원동,경상사고,0,0,1,0,차대사람 - 기타,안전운전불이행,포장 - 건조,맑음,단일로 - 기타,승용,여,46세,상해없음,보행자,여,8세,경상,37.14164722529035,127.07579186380812
9,2017042300100333,2017년 4월 23일 16시,일요일,경기도 오산시 수청동,부상신고사고,0,0,0,1,차대차 - 측면충돌,안전운전불이행,포장 - 건조,맑음,교차로 - 교차로부근,승용,남,30세,상해없음,자전거,남,11세,부상신고,37.16390909929775,127.06109157662685
10,2017042800100190,2017년 4월 28일 09시,금요일,경기도 오산시 고현동,중상사고,0,1,0,0,차대사람 - 기타,안전운전불이행,포장 - 건조,맑음,교차로 - 교차로안,승용,여,41세,상해없음,보행자,남,3세,중상,37.13405731656563,127.08138179314612
11,2017050100100170,2017년 5월 1일 11시,월요일,경기도 오산시 세교동,경상사고,0,0,1,0,차대차 - 기타,안전운전불이행,포장 - 건조,맑음,교차로 - 교차로부근,자전거,남,12세,경상,승용,남,47세,상해없음,37.18615814848623,127.0325826010547
12,2017050100100363,2017년 5월 1일 16시,월요일,경기도 오산시 원동,중상사고,0,1,3,2,차대차 - 추돌,중앙선침범,포장 - 건조,맑음,교차로 - 교차로부근,승용,남,71세,상해없음,승용,여,49세,중상,37.141891023971645,127.07345825546864
13,2017050300100317,2017년 5월 3일 15시,수요일,경기도 오산시 청호동,경상사고,0,0,1,0,차대사람 - 횡단중,안전운전불이행,포장 - 건조,맑음,교차로 - 교차로횡단보도내,승용,여,52세,상해없음,보행자,남,9세,경상,37.13016900335244,127.08581599770378
14,2017050500100117,2017년 5월 5일 08시,금요일,경기도 오산시 금암동,중상사고,0,1,1,5,차대차 - 측면충돌,신호위반,포장 - 건조,맑음,교차로 - 교차로안,승용,여,38세,상해없음,승용,남,60세,중상,37.174120959412804,127.05067087402631
15,2017050900100212,2017년 5월 9일 12시,화요일,경기도 오산시 갈곶동,중상사고,0,1,0,0,차대차 - 기타,안전운전불이행,포장 - 건조,맑음,교차로 - 교차로안,자전거,남,11세,중상,승용,남,36세,상해없음,37.13124909756826,127.0730124569918
16,2017050900100358,2017년 5월 9일 17시,화요일,경기도 오산시 은계동,경상사고,0,0,1,0,차대차 - 기타,안전운전불이행,포장 - 젖음/습기,비,교차로 - 교차로안,기타불명,기타불명,미분류,기타불명,자전거,남,10세,경상,37.16094266759975,127.07303051373236
17,2017050900100421,2017년 5월 9일 19시,화요일,경기도 오산시 궐동,부상신고사고,0,0,0,1,차대차 - 기타,안전운전불이행,포장 - 젖음/습기,비,교차로 - 교차로안,승합,남,32세,상해없음,승용,남,25세,상해없음,37.15815719563863,127.05667910664765
18,2017051400100198,2017년 5월 14일 12시,일요일,경기도 오산시 세교동,중상사고,0,1,0,0,차대사람 - 횡단중,안전운전불이행,포장 - 건조,맑음,단일로 - 기타,승용,남,31세,상해없음,보행자,남,6세,중상,37.1832527036428,127.04322924105341
19,2017051700100511,2017년 5월 17일 19시,수요일,경기도 오산시 오산동,경상사고,0,0,1,0,차대사람 - 기타,보행자보호의무위반,포장 - 건조,맑음,교차로 - 교차로안,승용,남,35세,상해없음,보행자,남,8세,경상,37.1515322969525,127.07639933553968
20,2017060200100161,2017년 6월 2일 08시,금요일,경기도 오산시 금암동,경상사고,0,0,1,0,차대차 - 측면충돌,안전운전불이행,포장 - 건조,맑음,교차로 - 교차로안,승용,남,40세,상해없음,자전거,남,12세,경상,37.176915979439535,127.05290017496911
21,2017061200100348,2017년 6월 12일 15시,월요일,경기도 오산시 수청동,중상사고,0,1,2,2,차대차 - 추돌,안전운전불이행,포장 - 건조,맑음,교차로 - 교차로부근,승용,남,46세,상해없음,승합,여,52세,중상,37.16992596447469,127.05243909804489
22,2017061700100622,2017년 6월 17일 21시,토요일,경기도 오산시 외삼미동,중상사고,0,4,9,0,차대차 - 측면충돌,중앙선침범,포장 - 건조,맑음,단일로 - 기타,승합,여,70세,상해없음,승용,남,41세,중상,37.18991329772236,127.0561725866724
23,2017062000100372,2017년 6월 20일 16시,화요일,경기도 오산시 원동,부상신고사고,0,0,0,1,차대차 - 측면충돌,안전운전불이행,포장 - 건조,맑음,교차로 - 교차로안,자전거,남,7세,상해없음,승용,여,43세,상해없음,37.13886736781676,127.07027247549681
24,2017062100100387,2017년 6월 21일 17시,수요일,경기도 오산시 금암동,경상사고,0,0,1,0,차대사람 - 횡단중,기타,포장 - 건조,맑음,기타 - 기타,자전거,남,14세,기타불명,보행자,여,10세,경상,37.175156121850385,127.05021476297341
25,2017062300100140,2017년 6월 23일 08시,금요일,경기도 오산시 세교동,부상신고사고,0,0,0,1,차대사람 - 기타,안전운전불이행,포장 - 건조,맑음,기타 - 기타,화물,남,46세,상해없음,보행자,남,12세,부상신고,37.18624993375972,127.03518649724363
26,2017062800100166,2017년 6월 28일 09시,수요일,경기도 오산시 세교동,경상사고,0,0,1,1,차대사람 - 기타,안전운전불이행,포장 - 건조,맑음,단일로 - 기타,승용,여,33세,상해없음,보행자,여,57세,경상,37.18957725647333,127.03520289457164
27,2017070900100303,2017년 7월 9일 17시,일요일,경기도 오산시 원동,경상사고,0,0,1,0,차대사람 - 횡단중,안전운전불이행,포장 - 건조,흐림,단일로 - 기타,승용,남,64세,상해없음,보행자,남,9세,경상,37.145171558490546,127.07059192786984
28,2017071500100284,2017년 7월 15일 13시,토요일,경기도 오산시 서랑동,중상사고,0,1,2,1,차대차 - 측면충돌,교차로운행방법위반,포장 - 건조,맑음,교차로 - 교차로안,승용,남,61세,경상,승용,남,24세,경상,37.17269491963677,127.00659195488528
29,2017072100100546,2017년 7월 21일 20시,금요일,경기도 오산시 오산동,경상사고,0,0,1,0,차대차 - 후진중충돌,안전운전불이행,포장 - 건조,맑음,교차로 - 교차로안,승용,남,37세,상해없음,자전거,여,29세,상해없음,37.155067674721884,127.07173962780041
30,2017072400100564,2017년 7월 24일 22시,월요일,경기도 오산시 수청동,중상사고,0,3,0,0,차대차 - 측면충돌,신호위반,포장 - 건조,맑음,교차로 - 교차로안,화물,남,60세,상해없음,승용,여,35세,중상,37.162374400377395,127.06533694206792
31,2017072900100407,2017년 7월 29일 16시,토요일,경기도 오산시 오산동,중상사고,0,1,2,0,차대차 - 측면충돌,신호위반,포장 - 건조,맑음,교차로 - 교차로안,승용,남,31세,상해없음,승용,남,23세,중상,37.15248314032763,127.07993354369687
32,2017080600100284,2017년 8월 6일 16시,일요일,경기도 오산시 외삼미동,경상사고,0,0,1,0,차대차 - 측면충돌,안전운전불이행,포장 - 건조,맑음,교차로 - 교차로안,승용,남,38세,상해없음,자전거,남,12세,경상,37.18924723989474,127.06348205494038
33,2017081600100165,2017년 8월 16일 09시,수요일,경기도 오산시 부산동,중상사고,0,1,1,0,차대차 - 측면충돌,기타,포장 - 건조,맑음,교차로 - 교차로횡단보도내,승용,남,50세,상해없음,자전거,여,10세,중상,37.153528104671125,127.07721271368202
34,2017082000100485,2017년 8월 20일 22시,일요일,경기도 오산시 원동,경상사고,0,0,4,0,차대차 - 측면충돌,신호위반,포장 - 젖음/습기,비,교차로 - 교차로안,화물,남,60세,상해없음,승용,여,49세,경상,37.1462999163165,127.07818164023242
35,2017082100100347,2017년 8월 21일 15시,월요일,경기도 오산시 오산동,중상사고,0,1,0,0,차대사람 - 길가장자리구역통행중,안전운전불이행,포장 - 건조,맑음,교차로 - 교차로부근,승용,여,52세,상해없음,보행자,여,12세,중상,37.15735198286185,127.07737523020039
36,2017082500100055,2017년 8월 25일 02시,금요일,경기도 오산시 오산동,중상사고,0,1,3,0,차대차 - 추돌,신호위반,포장 - 건조,맑음,교차로 - 교차로안,승용,남,23세,상해없음,승용,여,51세,경상,37.14888310980844,127.07447341863013
37,2017082600100285,2017년 8월 26일 12시,토요일,경기도 오산시 갈곶동,경상사고,0,0,4,1,차대차 - 추돌,안전운전불이행,포장 - 건조,맑음,주차장 - 주차장,승용,여,38세,상해없음,승용,남,35세,부상신고,37.12940298385478,127.06884139429302
38,2017090100100569,2017년 9월 1일 18시,금요일,경기도 오산시 원동,경상사고,0,0,1,0,차대차 - 측면충돌,신호위반,포장 - 건조,맑음,교차로 - 교차로안,승용,여,36세,상해없음,승용,남,41세,상해없음,37.14877511535811,127.07453026978081
39,2017090200100613,2017년 9월 2일 21시,토요일,경기도 오산시 원동,중상사고,0,1,0,0,차대차 - 측면충돌,안전운전불이행,포장 - 건조,맑음,기타 - 기타,원동기,남,16세,상해없음,자전거,남,8세,중상,37.147885538599155,127.0778024136979
40,2017091100100573,2017년 9월 11일 20시,월요일,경기도 오산시 오산동,부상신고사고,0,0,0,1,차대사람 - 횡단중,보행자보호의무위반,포장 - 건조,맑음,교차로 - 교차로횡단보도내,기타불명,기타불명,미분류,기타불명,보행자,남,8세,부상신고,37.15589427211716,127.07820473135034
41,2017091200100173,2017년 9월 12일 09시,화요일,경기도 오산시 원동,경상사고,0,0,2,0,차대차 - 정면충돌,중앙선침범,포장 - 건조,맑음,단일로 - 기타,승용,여,50세,상해없음,승용,여,39세,경상,37.148905987390826,127.07094611136588
42,2017091900100182,2017년 9월 19일 09시,화요일,경기도 오산시 수청동,경상사고,0,0,3,0,차대차 - 기타,안전거리미확보,포장 - 건조,맑음,교차로 - 교차로부근,승용,여,62세,경상,건설기계,남,44세,경상,37.17446048965336,127.06145716838347
43,2017092200100165,2017년 9월 22일 08시,금요일,경기도 오산시 오산동,중상사고,0,1,0,0,차대사람 - 횡단중,보행자보호의무위반,포장 - 건조,맑음,교차로 - 교차로안,승용,남,46세,상해없음,보행자,남,6세,중상,37.149627284218994,127.06853110885825
44,2017092200100207,2017년 9월 22일 09시,금요일,경기도 오산시 오산동,경상사고,0,0,3,0,차대차 - 측면충돌,교차로운행방법위반,포장 - 건조,맑음,교차로 - 교차로안,승용,남,44세,상해없음,승용,여,36세,경상,37.15892623508602,127.07879925510086
45,2017092900100614,2017년 9월 29일 18시,금요일,경기도 오산시 원동,경상사고,0,0,1,0,차대사람 - 횡단중,신호위반,포장 - 건조,맑음,교차로 - 교차로횡단보도내,이륜,남,19세,상해없음,보행자,남,5세,경상,37.13865442183257,127.07360865806176
46,2017100100100512,2017년 10월 1일 21시,일요일,경기도 오산시 원동,경상사고,0,0,2,0,차대차 - 측면충돌,안전운전불이행,포장 - 젖음/습기,비,교차로 - 교차로부근,화물,남,52세,상해없음,승용,여,38세,경상,37.146526185488,127.07354916631652
47,2017101100100496,2017년 10월 11일 19시,수요일,경기도 오산시 궐동,경상사고,0,0,3,0,차대차 - 추돌,안전운전불이행,포장 - 건조,맑음,교차로 - 교차로안,화물,남,57세,상해없음,승용,여,43세,경상,37.15995617833868,127.06966524323407
48,2017101600100107,2017년 10월 16일 08시,월요일,경기도 오산시 원동,경상사고,0,0,1,0,차대차 - 기타,안전운전불이행,포장 - 건조,맑음,주차장 - 주차장,승용,여,39세,상해없음,자전거,남,10세,경상,37.138388006994425,127.07229161663055
49,2017102000100475,2017년 10월 20일 16시,금요일,경기도 오산시 원동,경상사고,0,0,1,0,차대사람 - 횡단중,보행자보호의무위반,포장 - 건조,맑음,교차로 - 교차로횡단보도내,승용,남,64세,상해없음,보행자,남,11세,경상,37.13705812570856,127.07840473460308
50,2017102300100517,2017년 10월 23일 18시,월요일,경기도 오산시 누읍동,경상사고,0,0,1,0,차량단독 - 기타,안전운전불이행,포장 - 건조,맑음,교차로 - 교차로부근,자전거,남,12세,상해없음,,,,,37.141182127130044,127.04621604348313
51,2017111400100483,2017년 11월 14일 18시,화요일,경기도 오산시 원동,경상사고,0,0,1,0,차대차 - 기타,안전운전불이행,포장 - 건조,맑음,단일로 - 기타,승용,여,29세,상해없음,자전거,남,10세,경상,37.137860756285136,127.07356731215157
52,2017112100100234,2017년 11월 21일 10시,화요일,경기도 오산시 오산동,중상사고,0,2,2,0,차대차 - 측면충돌,기타,포장 - 건조,맑음,교차로 - 교차로안,승용,남,54세,중상,승용,남,32세,경상,37.15545036739886,127.07039669030395
53,2017112100100509,2017년 11월 21일 18시,화요일,경기도 오산시 외삼미동,부상신고사고,0,0,0,1,차대차 - 기타,안전운전불이행,포장 - 건조,맑음,교차로 - 교차로부근,기타불명,기타불명,미분류,기타불명,승용,여,40세,상해없음,37.1892283844563,127.06326792291956
54,2017121100100255,2017년 12월 11일 14시,월요일,경기도 오산시 부산동,경상사고,0,0,2,10,차대차 - 추돌,안전거리미확보,포장 - 건조,맑음,단일로 - 기타,승합,남,43세,경상,승용,남,32세,부상신고,37.14748115375541,127.08308937508453
55,2017122000100538,2017년 12월 20일 19시,수요일,경기도 오산시 수청동,경상사고,0,0,2,1,차대차 - 추돌,안전운전불이행,포장 - 서리/결빙,눈,단일로 - 기타,승용,남,48세,상해없음,승용,남,31세,경상,37.16997321946836,127.05530196254712
56,2017122300100311,2017년 12월 23일 12시,토요일,경기도 오산시 부산동,경상사고,0,0,1,0,차대사람 - 횡단중,안전운전불이행,포장 - 건조,맑음,교차로 - 교차로안,승용,남,55세,상해없음,보행자,여,10세,경상,37.14839582089469,127.08416701360771
57,2017122900100647,2017년 12월 29일 22시,금요일,경기도 오산시 세교동,경상사고,0,0,2,1,차대차 - 측면충돌,안전운전불이행,포장 - 건조,맑음,교차로 - 교차로안,승합,남,41세,상해없음,승용,남,31세,경상,37.18567709552699,127.04293494855432
58,2017123100100325,2017년 12월 31일 18시,일요일,경기도 오산시 궐동,경상사고,0,0,3,0,차대차 - 기타,안전운전불이행,포장 - 건조,맑음,교차로 - 교차로횡단보도내,승용,남,52세,상해없음,승용,남,43세,경상,37.159800964680414,127.0644026114802
59,2018011200100385,2018년 1월 12일 15시,금요일,경기도 오산시 금암동,경상사고,0,0,1,0,차대사람 - 횡단중,안전운전불이행,포장 - 건조,맑음,교차로 - 교차로안,화물,남,37세,상해없음,보행자,여,10세,경상,37.173236894227024,127.04828554075893
60,2018013100100171,2018년 1월 31일 09시,수요일,경기도 오산시 세교동,경상사고,0,0,1,1,차대차 - 기타,신호위반,포장 - 건조,맑음,교차로 - 교차로부근,승용,남,72세,상해없음,승용,여,36세,경상,37.19374965865774,127.04352490987662
61,2018020600100393,2018년 2월 6일 16시,화요일,경기도 오산시 오산동,경상사고,0,0,3,0,차대차 - 추돌,안전운전불이행,포장 - 건조,맑음,교차로 - 교차로부근,승용,남,69세,상해없음,화물,남,53세,경상,37.150972449155795,127.0737649241805
62,2018021300100741,2018년 2월 13일 21시,화요일,경기도 오산시 내삼미동,중상사고,0,3,3,0,차대차 - 기타,신호위반,포장 - 건조,맑음,교차로 - 교차로안,승합,남,55세,상해없음,승용,남,42세,중상,37.175648870085205,127.06567871974084
63,2018030900100374,2018년 3월 9일 19시,금요일,경기도 오산시 오산동,경상사고,0,0,1,0,차대차 - 측면충돌,안전운전불이행,포장 - 건조,맑음,교차로 - 교차로안,승용,남,66세,상해없음,자전거,남,11세,경상,37.15865539257353,127.0787103471671
64,2018031300100253,2018년 3월 13일 14시,화요일,경기도 오산시 부산동,부상신고사고,0,0,0,3,차대차 - 기타,신호위반,포장 - 건조,맑음,교차로 - 교차로안,이륜,남,40세,부상신고,승용,여,39세,부상신고,37.15698737035422,127.07875189586359
65,2018031800100228,2018년 3월 18일 15시,일요일,경기도 오산시 내삼미동,경상사고,0,0,1,0,차대사람 - 횡단중,신호위반,포장 - 젖음/습기,흐림,교차로 - 교차로횡단보도내,기타불명,기타불명,미분류,기타불명,보행자,여,9세,경상,37.17196049581097,127.05389433809242
66,2018032300100107,2018년 3월 23일 08시,금요일,경기도 오산시 오산동,중상사고,0,2,0,0,차대사람 - 횡단중,보행자보호의무위반,포장 - 건조,맑음,교차로 - 교차로횡단보도내,화물,남,75세,상해없음,보행자,여,41세,중상,37.14939493478124,127.0643288601199
67,2018042100100463,2018년 4월 21일 17시,토요일,경기도 오산시 오산동,경상사고,0,0,1,0,차대차 - 측면충돌,중앙선침범,포장 - 건조,맑음,교차로 - 교차로횡단보도내,자전거,남,11세,경상,승용,남,24세,상해없음,37.153495074193245,127.07560129911813
68,2018042500100378,2018년 4월 25일 16시,수요일,경기도 오산시 원동,경상사고,0,0,1,1,차대차 - 정면충돌,신호위반,포장 - 건조,맑음,교차로 - 교차로안,승용,남,55세,상해없음,승합,남,67세,경상,37.13615313527559,127.07266268453188
69,2018042900100339,2018년 4월 29일 16시,일요일,경기도 오산시 오산동,중상사고,0,1,0,0,차대차 - 기타,중앙선침범,포장 - 건조,맑음,단일로 - 기타,기타불명,기타불명,미분류,기타불명,자전거,남,10세,중상,37.15291810673845,127.06603611019254
70,2018050200100494,2018년 5월 2일 19시,수요일,경기도 오산시 오산동,경상사고,0,0,2,0,차량단독 - 공작물충돌,안전운전불이행,포장 - 젖음/습기,비,단일로 - 기타,승용,여,46세,경상,,,,,37.15215363274072,127.07374810420725
71,2018050600100323,2018년 5월 6일 18시,일요일,경기도 오산시 가장동,중상사고,0,3,1,0,차대차 - 측면충돌,과속,포장 - 건조,맑음,단일로 - 기타,승용,남,42세,상해없음,승용,남,42세,중상,37.15997627490729,127.0378596224633
72,2018050800100409,2018년 5월 8일 17시,화요일,경기도 오산시 고현동,중상사고,0,1,1,0,차대사람 - 횡단중,안전운전불이행,포장 - 건조,맑음,교차로 - 교차로안,화물,남,47세,상해없음,보행자,여,44세,중상,37.13409491004858,127.08179849430269
73,2018051700100542,2018년 5월 17일 21시,목요일,경기도 오산시 수청동,경상사고,0,0,2,3,차대차 - 추돌,안전운전불이행,포장 - 건조,맑음,교차로 - 교차로부근,승용,남,37세,상해없음,승용,남,50세,경상,37.16970016846869,127.0616381973091
74,2018051800100268,2018년 5월 18일 12시,금요일,경기도 오산시 내삼미동,경상사고,0,0,2,0,차대차 - 추돌,안전운전불이행,포장 - 건조,맑음,교차로 - 교차로부근,승용,남,27세,상해없음,승용,여,35세,경상,37.171718348774334,127.06592312683836
75,2018052200100231,2018년 5월 22일 12시,화요일,경기도 오산시 수청동,경상사고,0,0,4,0,차대차 - 기타,교차로운행방법위반,포장 - 건조,맑음,교차로 - 교차로안,승합,남,67세,상해없음,승용,여,43세,경상,37.170060802178156,127.06162516691357
76,2018052600100560,2018년 5월 26일 19시,토요일,경기도 오산시 부산동,경상사고,0,0,1,0,차대차 - 추돌,안전운전불이행,포장 - 건조,맑음,교차로 - 교차로안,자전거,남,11세,경상,승용,남,28세,상해없음,37.1540267924783,127.07795419833991
77,2018052700100042,2018년 5월 27일 02시,일요일,경기도 오산시 내삼미동,부상신고사고,0,0,0,1,차대차 - 기타,신호위반,포장 - 건조,맑음,교차로 - 교차로횡단보도내,기타불명,기타불명,미분류,기타불명,자전거,남,12세,부상신고,37.175593192046726,127.06056107885365
78,2018060500100570,2018년 6월 5일 20시,화요일,경기도 오산시 세교동,경상사고,0,0,1,0,차대사람 - 기타,안전운전불이행,포장 - 건조,맑음,기타 - 기타,기타불명,기타불명,미분류,기타불명,보행자,여,11세,경상,37.18463097265156,127.04065166219964
79,2018060900100493,2018년 6월 9일 19시,토요일,경기도 오산시 내삼미동,중상사고,0,3,0,1,차대차 - 추돌,안전거리미확보,포장 - 건조,맑음,교차로 - 교차로부근,승용,여,61세,상해없음,승용,남,37세,중상,37.17838405588194,127.05708651047752
80,2018061900100407,2018년 6월 19일 17시,화요일,경기도 오산시 수청동,부상신고사고,0,0,0,1,차대사람 - 횡단중,안전운전불이행,포장 - 건조,맑음,교차로 - 교차로안,승합,남,56세,상해없음,보행자,여,3세,부상신고,37.1702476435979,127.06097047297665
81,2018062200100544,2018년 6월 22일 18시,금요일,경기도 오산시 수청동,부상신고사고,0,0,0,1,차대차 - 측면충돌,안전운전불이행,포장 - 건조,맑음,기타 - 기타,자전거,남,6세,부상신고,승용,남,50세,상해없음,37.17221624424155,127.05704933359547
82,2018062400100330,2018년 6월 24일 18시,일요일,경기도 오산시 금암동,경상사고,0,0,1,2,차대차 - 후진중충돌,안전운전불이행,비포장 - 건조,맑음,기타 - 기타,기타불명,여,45세,상해없음,승합,여,43세,경상,37.17512612976344,127.0517592877891
83,2018063000100373,2018년 6월 30일 17시,토요일,경기도 오산시 금암동,경상사고,0,0,1,0,차대사람 - 횡단중,안전운전불이행,포장 - 건조,맑음,단일로 - 기타,승용,남,28세,상해없음,보행자,남,9세,경상,37.175031350811835,127.05058739273991
84,2018071500100351,2018년 7월 15일 18시,일요일,경기도 오산시 금암동,부상신고사고,0,0,0,1,차대사람 - 기타,안전운전불이행,포장 - 건조,맑음,교차로 - 교차로부근,이륜,남,33세,상해없음,보행자,남,8세,부상신고,37.17506710803251,127.05050830322516
85,2018072200100184,2018년 7월 22일 12시,일요일,경기도 오산시 원동,중상사고,0,2,0,2,차대차 - 추돌,안전운전불이행,포장 - 건조,맑음,단일로 - 기타,승용,여,37세,상해없음,승용,남,47세,중상,37.14789744186807,127.07372302486911
86,2018073000100297,2018년 7월 30일 13시,월요일,경기도 오산시 오산동,경상사고,0,0,1,0,차대차 - 측면충돌,신호위반,포장 - 건조,맑음,교차로 - 교차로안,원동기,남,53세,상해없음,자전거,남,12세,경상,37.152731895943255,127.07164924411265
87,2018080800100140,2018년 8월 8일 09시,수요일,경기도 오산시 금암동,경상사고,0,0,1,0,차대차 - 기타,신호위반,포장 - 건조,맑음,교차로 - 교차로횡단보도내,승합,남,57세,상해없음,자전거,남,7세,경상,37.17507895666709,127.04439839892791
88,2018081700100092,2018년 8월 17일 07시,금요일,경기도 오산시 은계동,부상신고사고,0,0,0,1,차대사람 - 횡단중,안전운전불이행,포장 - 건조,맑음,교차로 - 교차로안,기타불명,기타불명,미분류,기타불명,보행자,남,9세,부상신고,37.161720208580526,127.07600236925265
89,2018082000100324,2018년 8월 20일 14시,월요일,경기도 오산시 오산동,경상사고,0,0,3,0,차대차 - 기타,안전운전불이행,포장 - 건조,맑음,단일로 - 지하차도(도로)내,화물,남,61세,상해없음,승용,남,37세,경상,37.14900893184021,127.06715923777526
90,2018090100100310,2018년 9월 1일 14시,토요일,경기도 오산시 원동,경상사고,0,0,4,1,차대차 - 기타,신호위반,포장 - 건조,맑음,교차로 - 교차로안,승용,남,36세,상해없음,승용,여,37세,경상,37.14857266425645,127.07829505839922
91,2018090700100477,2018년 9월 7일 17시,금요일,경기도 오산시 갈곶동,부상신고사고,0,0,0,1,차대사람 - 횡단중,신호위반,포장 - 건조,맑음,교차로 - 교차로부근,승용,남,32세,상해없음,보행자,여,5세,부상신고,37.132875250632,127.06901644029051
92,2018091600100486,2018년 9월 16일 21시,일요일,경기도 오산시 원동,경상사고,0,0,3,0,차대차 - 측면충돌,신호위반,포장 - 건조,맑음,교차로 - 교차로안,화물,여,64세,상해없음,승용,남,47세,경상,37.14869836119955,127.07814797742415
93,2018091900100388,2018년 9월 19일 16시,수요일,경기도 오산시 오산동,경상사고,0,0,1,0,차대사람 - 횡단중,안전운전불이행,포장 - 건조,맑음,교차로 - 교차로안,승용,남,28세,상해없음,보행자,남,5세,경상,37.15371299312814,127.06878209869643
94,2018092000100422,2018년 9월 20일 16시,목요일,경기도 오산시 오산동,중상사고,0,1,0,0,차대사람 - 횡단중,보행자보호의무위반,포장 - 젖음/습기,비,교차로 - 교차로횡단보도내,승용,여,52세,상해없음,보행자,남,12세,중상,37.157005321216126,127.07872927195628
95,2018092500100080,2018년 9월 25일 09시,화요일,경기도 오산시 원동,중상사고,0,1,4,1,차대차 - 기타,신호위반,포장 - 건조,맑음,교차로 - 교차로안,승용,여,48세,부상신고,승용,여,45세,경상,37.148627099271124,127.07838495764632
96,2018100300100203,2018년 10월 3일 11시,수요일,경기도 오산시 세교동,경상사고,0,0,4,0,차대차 - 추돌,안전운전불이행,포장 - 건조,맑음,교차로 - 교차로안,승용,남,39세,상해없음,승용,남,39세,경상,37.18713400551677,127.03973677448948
97,2018100700100165,2018년 10월 7일 10시,일요일,경기도 오산시 원동,경상사고,0,0,3,0,차대차 - 측면충돌,신호위반,포장 - 건조,맑음,단일로 - 기타,승용,남,49세,상해없음,승용,여,39세,경상,37.13736372850037,127.07327669401941
98,2018101300100157,2018년 10월 13일 09시,토요일,경기도 오산시 내삼미동,중상사고,0,1,3,0,차대차 - 추돌,안전운전불이행,포장 - 건조,맑음,단일로 - 터널,화물,여,41세,상해없음,승용,남,44세,경상,37.18103999888401,127.07254096656497