,사고번호,사고일시,요일,시군구,사고내용,사망자수,중상자수,경상자수,부상신고자수,사고유형,법규위반,노면상태,기상상태,도로형태,가해운전자 차종,가해운전자 성별,가해운전자 연령,가해운전자 상해정도,피해운전자 차종,피해운전자 성별,피해운전자 연령,피해운전자 상해정도,lat,lon
297,2016060400100441,2016년 6월 4일 16시,토요일,경기도 오산시 궐동,중상사고,0,2,2,0,차대차 - 정면충돌,기타,포장 - 건조,맑음,단일로 - 기타,승용,여,44세,상해없음,승용,여,62세,중상,37.1613873894446,127.05721544532497
298,2016060600100006,2016년 6월 6일 00시,월요일,경기도 오산시 오산동,경상사고,0,0,3,0,차대차 - 정면충돌,안전운전불이행,포장 - 건조,맑음,교차로 - 교차로부근,승용,남,35세,상해없음,승용,남,37세,경상,37.15486559016767,127.06835961895644
299,2016061400100174,2016년 6월 14일 10시,화요일,경기도 오산시 세교동,경상사고,0,0,1,0,차대사람 - 횡단중,보행자보호의무위반,포장 - 건조,맑음,교차로 - 교차로부근,승용,여,41세,상해없음,보행자,여,2세,경상,37.176853391109965,127.05303576514507
300,2016062100100422,2016년 6월 21일 17시,화요일,경기도 오산시 수청동,중상사고,0,1,3,0,차대차 - 측면직각충돌,신호위반,포장 - 건조,맑음,교차로 - 교차로안,농기계,남,76세,중상,승용,남,37세,경상,37.15808434949092,127.06588731418316
301,2016062100100501,2016년 6월 21일 19시,화요일,경기도 오산시 가수동,부상신고사고,0,0,0,1,차대사람 - 횡단중,보행자보호의무위반,포장 - 건조,맑음,단일로 - 기타,승용,여,54세,기타불명,보행자,남,7세,부상신고,37.145287716856714,127.04921520419887
302,2016062600100391,2016년 6월 26일 19시,일요일,경기도 오산시 원동,경상사고,0,0,2,0,차대차 - 기타,안전운전불이행,포장 - 건조,맑음,교차로 - 교차로부근,승용,여,52세,상해없음,승용,남,35세,경상,37.14024743504392,127.08503795681693
303,2016062700100133,2016년 6월 27일 09시,월요일,경기도 오산시 원동,중상사고,0,1,0,0,차대사람 - 횡단중,보행자보호의무위반,포장 - 건조,맑음,교차로 - 교차로부근,승용,여,52세,상해없음,보행자,여,4세,중상,37.14128141222713,127.07199629283865
304,2016062900100080,2016년 6월 29일 07시,수요일,경기도 오산시 고현동,경상사고,0,0,2,0,차대차 - 정면충돌,신호위반,포장 - 건조,맑음,교차로 - 교차로안,승용,여,50세,기타불명,승용,여,38세,경상,37.1326118973953,127.0856021445374
305,2016071500100612,2016년 7월 15일 21시,금요일,경기도 오산시 고현동,경상사고,0,0,2,0,차대차 - 정면충돌,안전운전불이행,포장 - 건조,맑음,교차로 - 교차로부근,승용,남,81세,기타불명,승용,여,41세,경상,37.134639019960616,127.08264102225849
306,2016072100100468,2016년 7월 21일 18시,목요일,경기도 오산시 원동,중상사고,0,1,0,0,차대차 - 측면직각충돌,안전운전불이행,포장 - 건조,맑음,기타 - 기타,승용,여,28세,상해없음,자전거,남,12세,중상,37.13875895204997,127.07021665135984
307,2016072800100534,2016년 7월 28일 21시,목요일,경기도 오산시 원동,중상사고,0,1,4,0,차대차 - 정면충돌,중앙선침범,포장 - 건조,맑음,단일로 - 기타,승용,남,34세,상해없음,승용,남,28세,경상,37.14352776109392,127.08450471317532
308,2016080800100423,2016년 8월 8일 17시,월요일,경기도 오산시 갈곶동,중상사고,0,1,0,0,차대사람 - 횡단중,안전운전불이행,포장 - 건조,맑음,단일로 - 기타,승용,여,40세,상해없음,보행자,남,4세,중상,37.134032963318425,127.06755752933284
309,2016080800100454,2016년 8월 8일 18시,월요일,경기도 오산시 오산동,경상사고,0,0,1,0,차대차 - 정면충돌,안전운전불이행,포장 - 건조,맑음,교차로 - 교차로부근,승용,여,61세,상해없음,자전거,남,7세,경상,37.14848791075588,127.0653023591729
310,2016081100100257,2016년 8월 11일 13시,목요일,경기도 오산시 원동,경상사고,0,0,1,0,차대차 - 기타,과속,포장 - 건조,맑음,단일로 - 기타,승용,남,45세,상해없음,자전거,남,6세,경상,37.13820652900559,127.0719882513313
311,2016081300100522,2016년 8월 13일 19시,토요일,경기도 오산시 오산동,경상사고,0,0,1,0,차대사람 - 횡단중,보행자보호의무위반,포장 - 건조,맑음,교차로 - 교차로부근,승용,남,32세,상해없음,보행자,남,6세,경상,37.149934111924814,127.07582079248888
312,2016081400100357,2016년 8월 14일 18시,일요일,경기도 오산시 내삼미동,경상사고,0,0,4,0,차대차 - 정면충돌,신호위반,포장 - 건조,맑음,교차로 - 교차로안,이륜,남,18세,경상,화물,남,41세,경상,37.17263437167946,127.06731650259961
313,2016081500100374,2016년 8월 15일 19시,월요일,경기도 오산시 오산동,부상신고사고,0,0,0,1,차대사람 - 횡단중,신호위반,포장 - 건조,맑음,교차로 - 교차로부근,승용,남,22세,상해없음,보행자,남,5세,부상신고,37.149102305858946,127.0656262059313
314,2016082600100605,2016년 8월 26일 19시,금요일,경기도 오산시 오산동,경상사고,0,0,1,0,차대사람 - 횡단중,안전운전불이행,포장 - 건조,맑음,단일로 - 횡단보도상,승용,여,64세,상해없음,보행자,남,6세,경상,37.1488922941785,127.07451845158066
315,2016091300100350,2016년 9월 13일 14시,화요일,경기도 오산시 수청동,중상사고,0,1,0,0,차대차 - 정면충돌,안전운전불이행,포장 - 건조,맑음,단일로 - 횡단보도상,승용,남,50세,상해없음,자전거,남,12세,중상,37.1604160929663,127.06491809242401
316,2016091400100251,2016년 9월 14일 13시,수요일,경기도 오산시 원동,경상사고,0,0,4,0,차대차 - 기타,안전운전불이행,포장 - 건조,맑음,단일로 - 기타,승용,남,30세,상해없음,승용,남,41세,경상,37.12008987339951,127.10687048960558
317,2016092500100288,2016년 9월 25일 15시,일요일,경기도 오산시 세교동,중상사고,0,1,0,0,차대사람 - 횡단중,안전운전불이행,포장 - 건조,맑음,단일로 - 기타,승용,여,42세,상해없음,보행자,여,5세,중상,37.17984541570215,127.05032645369104
318,2016092600100383,2016년 9월 26일 16시,월요일,경기도 오산시 내삼미동,중상사고,0,2,0,0,차대차 - 정면충돌,안전운전불이행,포장 - 건조,맑음,단일로 - 기타,건설기계,남,63세,상해없음,승용,여,31세,중상,37.17594942157231,127.0640990509541
319,2016092600100384,2016년 9월 26일 16시,월요일,경기도 오산시 원동,중상사고,0,1,1,0,차대차 - 정면충돌,신호위반,포장 - 건조,맑음,교차로 - 교차로안,승용,여,34세,상해없음,승합,남,53세,중상,37.13699430005698,127.07821348622352
320,2016100100100299,2016년 10월 1일 13시,토요일,경기도 오산시 세교동,중상사고,0,2,1,0,차대차 - 정면충돌,신호위반,포장 - 건조,흐림,교차로 - 교차로부근,승용,여,31세,경상,승용,여,32세,중상,37.19463992651006,127.04292272989531
321,2016100200100368,2016년 10월 2일 18시,일요일,경기도 오산시 원동,중상사고,0,2,6,0,차대차 - 정면충돌,신호위반,포장 - 습기,비,교차로 - 교차로안,화물,남,54세,상해없음,화물,남,66세,경상,37.13592935082251,127.0731031534561
322,2016100400100378,2016년 10월 4일 15시,화요일,경기도 오산시 오산동,중상사고,0,1,0,0,차대사람 - 횡단중,안전운전불이행,포장 - 건조,맑음,교차로 - 교차로부근,승합,여,37세,상해없음,보행자,여,8세,중상,37.15698289182937,127.07511163244293
323,2016100800100258,2016년 10월 8일 09시,토요일,경기도 오산시 수청동,경상사고,0,0,3,0,차대차 - 정면충돌,안전운전불이행,포장 - 건조,맑음,교차로 - 교차로부근,승합,남,62세,상해없음,승합,남,49세,상해없음,37.16558387262539,127.06517494245806
324,2016101500100493,2016년 10월 15일 18시,토요일,경기도 오산시 세교동,경상사고,0,0,3,0,차대차 - 정면충돌,신호위반,포장 - 건조,맑음,단일로 - 기타,화물,남,55세,상해없음,승용,남,41세,경상,37.181620119663876,127.04310232674982
325,2016102100100620,2016년 10월 21일 20시,금요일,경기도 오산시 내삼미동,경상사고,0,0,5,0,차대차 - 정면충돌,안전운전불이행,포장 - 건조,맑음,단일로 - 기타,승용,남,27세,상해없음,승용,여,33세,경상,37.177890008811914,127.05757370128012
326,2016102600100419,2016년 10월 26일 16시,수요일,경기도 오산시 금암동,경상사고,0,0,1,0,차대차 - 기타,안전운전불이행,포장 - 건조,맑음,교차로 - 교차로안,승용,남,36세,상해없음,자전거,남,9세,경상,37.17751318991254,127.0465729548676
327,2016111400100432,2016년 11월 14일 17시,월요일,경기도 오산시 세교동,경상사고,0,0,1,0,차대차 - 정면충돌,신호위반,포장 - 습기,비,교차로 - 교차로안,승용,여,56세,상해없음,자전거,남,7세,경상,37.18320781592365,127.04103104893677
328,2016111600100357,2016년 11월 16일 14시,수요일,경기도 오산시 수청동,경상사고,0,0,2,0,차대차 - 정면충돌,교차로운행방법위반,포장 - 건조,맑음,교차로 - 교차로부근,건설기계,남,44세,상해없음,승용,남,39세,상해없음,37.159771960308206,127.07828815124951
329,2016111600100677,2016년 11월 16일 23시,수요일,경기도 오산시 원동,경상사고,0,0,2,0,차대차 - 기타,안전운전불이행,포장 - 건조,맑음,교차로 - 교차로안,화물,남,54세,상해없음,승용,여,42세,경상,37.14177376145976,127.0734475375229
330,2016111800100433,2016년 11월 18일 17시,금요일,경기도 오산시 내삼미동,경상사고,0,0,4,0,차대차 - 정면충돌,안전운전불이행,포장 - 습기,비,교차로 - 교차로부근,화물,남,48세,상해없음,승용,여,30세,경상,37.17571265959829,127.05416874943751
331,2016112600100189,2016년 11월 26일 11시,토요일,경기도 오산시 오산동,경상사고,0,0,2,0,차대차 - 정면충돌,안전운전불이행,포장 - 건조,맑음,단일로 - 기타,건설기계,남,55세,상해없음,승용,여,45세,경상,37.15574369432331,127.07166881031328
332,2016121300100286,2016년 12월 13일 14시,화요일,경기도 오산시 갈곶동,경상사고,0,0,1,0,차대사람 - 보도통행중,신호위반,포장 - 건조,맑음,단일로 - 기타,승용,여,45세,상해없음,보행자,남,9세,경상,37.13493087159423,127.0689390789383
333,2016122300100010,2016년 12월 23일 00시,금요일,경기도 오산시 내삼미동,경상사고,0,0,3,1,차대차 - 정면충돌,신호위반,포장 - 건조,맑음,교차로 - 교차로안,승용,여,55세,상해없음,승용,남,44세,경상,37.178258519397964,127.0572675030387
334,2016122500100313,2016년 12월 25일 18시,일요일,경기도 오산시 세교동,경상사고,0,0,8,0,차대차 - 측면직각충돌,안전운전불이행,포장 - 건조,맑음,단일로 - 기타,승용,남,27세,경상,승용,남,53세,경상,37.19466652441699,127.0428098364071
335,2016123100100425,2016년 12월 31일 18시,토요일,경기도 오산시 부산동,경상사고,0,0,4,0,차대차 - 측면직각충돌,교차로운행방법위반,포장 - 건조,맑음,교차로 - 교차로안,승용,남,38세,경상,승용,여,36세,경상,37.15463009848464,127.07772599694056
336,2011012200100324,2011년 1월 22일 14시,토요일,경기도 오산시 오산동,중상사고,0,2,2,0,차대차 - 측면직각충돌,안전운전불이행,포장 - 건조,맑음,교차로 - 교차로부근,승용,여,25세,상해없음,승용,여,37세,중상,37.14989107546424,127.07637318340667
337,2011012300100475,2011년 1월 23일 22시,일요일,경기도 오산시 오산동,경상사고,0,0,4,0,차대차 - 기타,안전운전불이행,포장 - 결빙,눈,교차로 - 교차로부근,화물,남,29세,상해없음,승합,여,37세,경상,37.14221630397979,127.06882557555328
338,2011012700100291,2011년 1월 27일 15시,목요일,경기도 오산시 궐동,중상사고,0,1,3,1,차대차 - 추돌 - 주정차중,안전운전불이행,포장 - 건조,맑음,교차로 - 교차로안,승용,남,45세,상해없음,승용,남,30세,중상,37.15648363169415,127.06465529914037
339,2011022000100185,2011년 2월 20일 11시,일요일,경기도 오산시 금암동,경상사고,0,0,1,0,차대사람 - 기타,보행자보호의무위반,포장 - 건조,맑음,단일로 - 횡단보도상,승용,남,34세,상해없음,보행자,남,5세,경상,37.17276603349983,127.05006896636955
340,2011031500100323,2011년 3월 15일 17시,화요일,경기도 오산시 누읍동,중상사고,0,1,0,0,차대사람 - 횡단중,신호위반,포장 - 건조,맑음,단일로 - 횡단보도상,승용,여,55세,상해없음,보행자,여,7세,중상,37.14193703197139,127.04785733373615
341,2011032600100461,2011년 3월 26일 18시,토요일,경기도 오산시 궐동,중상사고,0,1,0,0,차대사람 - 횡단중,안전운전불이행,포장 - 건조,맑음,단일로 - 기타,이륜,남,17세,상해없음,보행자,남,7세,중상,37.1584300116484,127.06195228910826
342,2011040100100376,2011년 4월 1일 17시,금요일,경기도 오산시 오산동,부상신고사고,0,0,0,1,차대차 - 측면직각충돌,신호위반,포장 - 건조,맑음,단일로 - 횡단보도상,승용,여,61세,상해없음,자전거,남,12세,부상신고,37.153627478114984,127.07483433871448
343,2011040400100282,2011년 4월 4일 15시,월요일,경기도 오산시 수청동,중상사고,0,1,0,0,차대사람 - 횡단중,보행자보호의무위반,포장 - 건조,맑음,단일로 - 기타,승용,남,56세,상해없음,보행자,남,7세,중상,37.16283329618848,127.06271985060036
344,2011040700100487,2011년 4월 7일 18시,목요일,경기도 오산시 벌음동,경상사고,0,0,4,0,차량단독 - 도로외이탈 - 추락,안전운전불이행,포장 - 습기,비,교차로 - 교차로부근,승용,남,47세,상해없음,,,,,37.13750679318503,127.03585755648946
345,2011040800100429,2011년 4월 8일 18시,금요일,경기도 오산시 금암동,중상사고,0,1,0,0,차대사람 - 횡단중,안전운전불이행,포장 - 건조,맑음,단일로 - 기타,승용,남,57세,상해없음,보행자,남,9세,중상,37.176553595545414,127.04561962468836
346,2011041200100314,2011년 4월 12일 15시,화요일,경기도 오산시 오산동,중상사고,0,1,0,0,차대사람 - 횡단중,보행자보호의무위반,포장 - 건조,맑음,단일로 - 횡단보도상,승용,남,20세,상해없음,보행자,남,10세,중상,37.153494906536736,127.07555622082519
347,2011041500100201,2011년 4월 15일 10시,금요일,경기도 오산시 수청동,중상사고,0,1,2,0,차대차 - 측면직각충돌,기타,포장 - 건조,맑음,교차로 - 교차로안,화물,남,55세,상해없음,승용,남,46세,경상,37.17044681541215,127.05883906471783
348,2011050100100389,2011년 5월 1일 17시,일요일,경기도 오산시 원동,경상사고,0,0,1,0,차대사람 - 횡단중,안전운전불이행,포장 - 건조,맑음,단일로 - 횡단보도상,원동기,남,40세,상해없음,보행자,여,8세,경상,37.148781481563404,127.07624312930525
349,2011051600100350,2011년 5월 16일 17시,월요일,경기도 오산시 오산동,중상사고,0,1,0,0,차대사람 - 횡단중,신호위반,포장 - 건조,맑음,단일로 - 횡단보도상,승합,남,59세,상해없음,보행자,남,10세,중상,37.1534467017025,127.07714547401923
350,2011051700100561,2011년 5월 17일 20시,화요일,경기도 오산시 오산동,경상사고,0,0,2,0,차대차 - 측면직각충돌,안전운전불이행,포장 - 건조,맑음,교차로 - 교차로안,화물,남,48세,상해없음,승용,여,37세,경상,37.15476627553747,127.06832628350317
351,2011052400100568,2011년 5월 24일 22시,화요일,경기도 오산시 청학동,중상사고,0,1,2,0,차대차 - 측면직각충돌,안전운전불이행,포장 - 건조,맑음,교차로 - 교차로부근,승용,남,45세,상해없음,승용,남,53세,경상,37.15021337846971,127.06141747104205
352,2011052500100314,2011년 5월 25일 16시,수요일,경기도 오산시 오산동,중상사고,0,1,0,0,차대차 - 기타,안전운전불이행,포장 - 건조,맑음,교차로 - 교차로부근,승합,남,46세,상해없음,자전거,남,12세,중상,37.15883606497248,127.07879967303192
353,2011060300100137,2011년 6월 3일 08시,금요일,경기도 오산시 원동,중상사고,0,1,6,0,차대사람 - 기타,안전운전불이행,포장 - 건조,맑음,단일로 - 횡단보도상,승합,남,57세,상해없음,보행자,남,41세,중상,37.13499373637459,127.06887117884229
354,2011060500100266,2011년 6월 5일 13시,일요일,경기도 오산시 금암동,경상사고,0,0,1,0,차대사람 - 횡단중,안전운전불이행,포장 - 건조,맑음,단일로 - 기타,승용,남,34세,상해없음,보행자,남,2세,경상,37.17098217911433,127.04589596052257
355,2011060600100139,2011년 6월 6일 10시,월요일,경기도 오산시 원동,경상사고,0,0,1,0,차대사람 - 횡단중,신호위반,포장 - 건조,맑음,단일로 - 횡단보도상,원동기,남,22세,상해없음,보행자,여,3세,경상,37.14886054301601,127.06845588020032
356,2011060800100300,2011년 6월 8일 15시,수요일,경기도 오산시 오산동,중상사고,0,1,0,0,차대사람 - 횡단중,보행자보호의무위반,포장 - 건조,맑음,단일로 - 기타,화물,남,51세,상해없음,보행자,남,12세,중상,37.155891091609845,127.07250209587647
357,2011061400100316,2011년 6월 14일 15시,화요일,경기도 오산시 오산동,경상사고,0,0,3,0,차대사람 - 기타,안전운전불이행,포장 - 건조,맑음,단일로 - 기타,승용,남,72세,상해없음,보행자,여,53세,경상,37.150630251318525,127.06907852098051
358,2011061500100129,2011년 6월 15일 08시,수요일,경기도 오산시 부산동,부상신고사고,0,0,0,1,차대차 - 기타,안전운전불이행,포장 - 건조,맑음,교차로 - 교차로안,기타불명,기타불명,기타불명,기타불명,자전거,남,12세,부상신고,37.13982234569751,127.08221169165971
359,2011061500100328,2011년 6월 15일 16시,수요일,경기도 오산시 오산동,중상사고,0,1,6,1,차대차 - 측면직각충돌,직진우회전진행방해,포장 - 건조,맑음,단일로 - 기타,승합,여,39세,상해없음,승합,남,59세,부상신고,37.14930871076452,127.06536602672676
360,2011070800100540,2011년 7월 8일 21시,금요일,경기도 오산시 오산동,중상사고,0,2,2,0,차대차 - 정면충돌,신호위반,포장 - 습기,비,교차로 - 교차로안,승용,남,29세,상해없음,승용,남,38세,중상,37.15263485308988,127.0746361380745
361,2011071000100294,2011년 7월 10일 15시,일요일,경기도 오산시 원동,경상사고,0,0,4,0,차대차 - 추돌 - 진행중,안전운전불이행,포장 - 습기,비,교차로 - 교차로부근,승용,여,20세,상해없음,승용,남,31세,경상,37.146165336773024,127.07350578729802
362,2011071700100337,2011년 7월 17일 17시,일요일,경기도 오산시 갈곶동,중상사고,0,1,0,0,차대사람 - 횡단중,보행자보호의무위반,포장 - 건조,맑음,단일로 - 횡단보도상,승용,여,38세,상해없음,보행자,남,10세,중상,37.13252379985971,127.06907444055635
363,2011071900100333,2011년 7월 19일 14시,화요일,경기도 오산시 금암동,중상사고,0,1,1,0,차대차 - 추돌 - 주정차중,과속,포장 - 건조,맑음,기타 - 기타,승합,남,56세,상해없음,화물,남,45세,기타불명,37.17198098596612,127.04537235700032
364,2011072400100267,2011년 7월 24일 15시,일요일,경기도 오산시 오산동,중상사고,0,1,1,0,차대사람 - 횡단중,안전운전불이행,포장 - 건조,흐림,교차로 - 교차로부근,승용,남,53세,상해없음,보행자,남,3세,경상,37.1511422629148,127.06855769433975
365,2011072900100227,2011년 7월 29일 11시,금요일,경기도 오산시 오산동,중상사고,0,1,2,0,차대차 - 측면직각충돌,안전운전불이행,포장 - 건조,맑음,단일로 - 기타,승용,여,33세,상해없음,승용,남,36세,경상,37.155424106259254,127.07301144882754
366,2011081000100313,2011년 8월 10일 15시,수요일,경기도 오산시 금암동,중상사고,0,1,0,0,차대사람 - 횡단중,안전운전불이행,포장 - 건조,맑음,단일로 - 기타,승용,남,56세,상해없음,보행자,여,7세,중상,37.176315475516994,127.04469645486121
367,2011081200100401,2011년 8월 12일 16시,금요일,경기도 오산시 궐동,경상사고,0,0,1,0,차대사람 - 기타,안전운전불이행,포장 - 습기,비,교차로 - 교차로부근,기타불명,기타불명,기타불명,기타불명,보행자,남,6세,경상,37.16140069944643,127.05599813512143
368,2011082300100342,2011년 8월 23일 15시,화요일,경기도 오산시 세교동,경상사고,0,0,1,0,차대사람 - 횡단중,안전운전불이행,포장 - 건조,맑음,단일로 - 기타,화물,남,38세,상해없음,보행자,여,6세,경상,37.19021159298427,127.04043116182096
369,2011082600100008,2011년 8월 26일 00시,금요일,경기도 오산시 오산동,중상사고,0,1,12,0,차대차 - 추돌 - 진행중,안전운전불이행,포장 - 건조,맑음,단일로 - 횡단보도부근,화물,남,30세,중상,승용,남,37세,경상,37.14302708312661,127.07343038296726
370,2011082800100368,2011년 8월 28일 16시,일요일,경기도 오산시 오산동,경상사고,0,0,4,0,차대차 - 측면직각충돌,직진우회전진행방해,포장 - 건조,맑음,교차로 - 교차로부근,승용,여,35세,상해없음,승용,남,42세,경상,37.14957900524061,127.06768615728285
371,2011082900100446,2011년 8월 29일 17시,월요일,경기도 오산시 오산동,경상사고,0,0,1,0,차대사람 - 기타,안전운전불이행,포장 - 건조,맑음,단일로 - 기타,승용,기타불명,기타불명,기타불명,보행자,여,4세,경상,37.14744275018742,127.06789920026024
372,2011090300100152,2011년 9월 3일 08시,토요일,경기도 오산시 누읍동,중상사고,0,1,0,0,차대차 - 측면직각충돌,안전거리미확보,포장 - 건조,맑음,단일로 - 기타,승용,여,33세,상해없음,승합,남,43세,상해없음,37.141696420017425,127.04857968532335
373,2011090500100516,2011년 9월 5일 18시,월요일,경기도 오산시 궐동,중상사고,0,1,2,0,차대차 - 측면직각충돌,안전거리미확보,포장 - 건조,맑음,교차로 - 교차로부근,승용,남,54세,상해없음,승용,남,31세,상해없음,37.15987416472925,127.05763990930573
374,2011091400100459,2011년 9월 14일 19시,수요일,경기도 오산시 금암동,중상사고,0,2,0,0,차대사람 - 횡단중,안전운전불이행,포장 - 건조,맑음,교차로 - 교차로안,원동기,남,33세,중상,보행자,남,10세,중상,37.17413912660577,127.05070460130503
375,2011092000100417,2011년 9월 20일 19시,화요일,경기도 오산시 오산동,경상사고,0,0,1,0,차대사람 - 기타,안전운전불이행,포장 - 건조,맑음,단일로 - 기타,승용,여,43세,상해없음,보행자,남,11세,경상,37.147375452540324,127.06679518353893
376,2011092300100228,2011년 9월 23일 11시,금요일,경기도 오산시 외삼미동,중상사고,0,1,5,0,차대차 - 측면직각충돌,신호위반,포장 - 건조,맑음,교차로 - 교차로안,승용,여,40세,상해없음,화물,남,54세,중상,37.18948939818801,127.06314262706238
377,2011093000100484,2011년 9월 30일 17시,금요일,경기도 오산시 오산동,경상사고,0,0,2,0,차대차 - 정면충돌,신호위반,포장 - 건조,맑음,교차로 - 교차로안,승용,남,31세,상해없음,승용,여,34세,경상,37.15263485308988,127.0746361380745
378,2011100300100453,2011년 10월 3일 19시,월요일,경기도 오산시 청학동,경상사고,0,0,3,0,차대차 - 측면직각충돌,안전운전불이행,포장 - 건조,맑음,교차로 - 교차로부근,승용,남,54세,상해없음,승용,여,49세,경상,37.1533406606044,127.0633406394132
379,2011100600100270,2011년 10월 6일 14시,목요일,경기도 오산시 부산동,중상사고,0,1,0,0,차대사람 - 기타,안전운전불이행,포장 - 건조,맑음,단일로 - 기타,자전거,남,8세,상해없음,보행자,여,7세,중상,37.15761461262149,127.08012396789682
380,2011100800100422,2011년 10월 8일 17시,토요일,경기도 오산시 원동,경상사고,0,0,1,0,차대사람 - 횡단중,안전운전불이행,포장 - 건조,맑음,교차로 - 교차로부근,승용,여,43세,상해없음,보행자,여,11세,경상,37.14458653843969,127.06848751625174
381,2011101000100116,2011년 10월 10일 08시,월요일,경기도 오산시 오산동,경상사고,0,0,1,0,차대사람 - 기타,안전운전불이행,포장 - 건조,맑음,단일로 - 기타,화물,남,52세,상해없음,보행자,남,7세,경상,37.14875966128832,127.06562785291645
382,2011111800100457,2011년 11월 18일 17시,금요일,경기도 오산시 금암동,중상사고,0,1,2,0,차대차 - 측면직각충돌,신호위반,포장 - 건조,맑음,단일로 - 기타,승용,남,42세,상해없음,승합,남,25세,중상,37.16984534282266,127.05257476531935
383,2011112800100341,2011년 11월 28일 15시,월요일,경기도 오산시 원동,중상사고,0,1,0,0,차대사람 - 기타,보행자보호의무위반,포장 - 건조,맑음,단일로 - 횡단보도상,기타불명,기타불명,기타불명,기타불명,보행자,남,11세,중상,37.14636500618422,127.07627693602967
384,2011120100100531,2011년 12월 1일 21시,목요일,경기도 오산시 오산동,사망사고,1,0,0,0,차대사람 - 횡단중,안전운전불이행,포장 - 건조,맑음,단일로 - 기타,승용,남,60세,상해없음,보행자,남,7세,사망,37.148196667011504,127.06459382100552
385,2011121700100332,2011년 12월 17일 13시,토요일,경기도 오산시 수청동,경상사고,0,0,6,0,차대차 - 기타,안전운전불이행,포장 - 건조,맑음,단일로 - 기타,화물,남,29세,상해없음,승용,남,38세,경상,37.16934821696583,127.06391685601662
386,2012013000100238,2012년 1월 30일 14시,월요일,경기도 오산시 부산동,중상사고,0,9,10,0,차대차 - 측면직각충돌,신호위반,포장 - 건조,맑음,교차로 - 교차로안,승합,남,47세,상해없음,화물,남,30세,중상,37.15897140340225,127.07882158581045
387,2012030200100328,2012년 3월 2일 15시,금요일,경기도 오산시 가수동,경상사고,0,0,2,0,차대차 - 측면직각충돌,안전운전불이행,포장 - 건조,맑음,단일로 - 기타,승용,남,49세,상해없음,승용,남,37세,경상,37.14941902328731,127.06119595174297
388,2012030900100357,2012년 3월 9일 18시,금요일,경기도 오산시 오산동,중상사고,0,1,0,0,차대차 - 측면직각충돌,안전운전불이행,포장 - 건조,맑음,단일로 - 횡단보도부근,승용,남,28세,상해없음,자전거,남,11세,중상,37.15814125793247,127.07623324351441
389,2012030900100452,2012년 3월 9일 20시,금요일,경기도 오산시 원동,중상사고,0,1,0,0,차대사람 - 차도통행중,안전운전불이행,포장 - 건조,맑음,단일로 - 기타,승용,남,50세,상해없음,보행자,남,12세,중상,37.14779200993601,127.07446726505196
390,2012032500100149,2012년 3월 25일 10시,일요일,경기도 오산시 수청동,중상사고,0,1,2,0,차대차 - 추돌 - 주정차중,안전거리미확보,포장 - 건조,맑음,단일로 - 기타,승용,남,39세,상해없음,승용,여,45세,중상,37.173102267097825,127.05998709147251
391,2012032700100108,2012년 3월 27일 08시,화요일,경기도 오산시 궐동,경상사고,0,0,3,0,차대차 - 측면직각충돌,교차로운행방법위반,포장 - 건조,맑음,교차로 - 교차로안,승용,남,28세,상해없음,승합,남,49세,경상,37.157725392727066,127.05927339198513
392,2012041100100349,2012년 4월 11일 13시,수요일,경기도 오산시 오산동,경상사고,0,0,1,0,차대사람 - 횡단중,안전운전불이행,포장 - 건조,맑음,단일로 - 기타,승용,남,30세,상해없음,보행자,남,6세,경상,37.15920312409276,127.05899566586959
393,2012042400100600,2012년 4월 24일 22시,화요일,경기도 오산시 원동,중상사고,0,1,0,0,차대사람 - 횡단중,안전운전불이행,포장 - 건조,맑음,교차로 - 교차로안,승용,여,21세,상해없음,보행자,남,12세,중상,37.135812339292414,127.0731600375491
394,2012042600100272,2012년 4월 26일 10시,목요일,경기도 오산시 오산동,경상사고,0,0,3,0,차대차 - 측면직각충돌,교차로운행방법위반,포장 - 건조,맑음,교차로 - 교차로부근,승용,남,31세,상해없음,승용,여,38세,경상,37.14874466187293,127.07361762513348