,사고번호,사고일시,요일,시군구,사고내용,사망자수,중상자수,경상자수,부상신고자수,사고유형,법규위반,노면상태,기상상태,도로형태,가해운전자 차종,가해운전자 성별,가해운전자 연령,가해운전자 상해정도,피해운전자 차종,피해운전자 성별,피해운전자 연령,피해운전자 상해정도,lat,lon
395,2012043000100505,2012년 4월 30일 18시,월요일,경기도 오산시 오산동,경상사고,0,0,1,0,차대차 - 측면직각충돌,기타,포장 - 건조,맑음,교차로 - 교차로부근,승용,남,46세,상해없음,자전거,남,8세,경상,37.148833117125434,127.07801212409484
396,2012050600100315,2012년 5월 6일 15시,일요일,경기도 오산시 외삼미동,중상사고,0,2,5,0,차대차 - 측면직각충돌,안전거리미확보,포장 - 건조,맑음,단일로 - 기타,화물,남,43세,상해없음,승용,남,43세,중상,37.18981235909752,127.04656679871864
397,2012051000100349,2012년 5월 10일 15시,목요일,경기도 오산시 금암동,경상사고,0,0,1,0,차대사람 - 횡단중,신호위반,포장 - 건조,맑음,교차로 - 교차로안,승용,여,36세,상해없음,보행자,남,9세,경상,37.17987463429687,127.04180355348416
398,2012051600100151,2012년 5월 16일 08시,수요일,경기도 오산시 가수동,경상사고,0,0,1,0,차대사람 - 횡단중,신호위반,포장 - 건조,맑음,단일로 - 횡단보도상,승용,남,39세,상해없음,보행자,남,5세,경상,37.143829240505646,127.04979719719466
399,2012051600100194,2012년 5월 16일 09시,수요일,경기도 오산시 오산동,경상사고,0,0,3,0,차대차 - 측면직각충돌,신호위반,포장 - 건조,맑음,교차로 - 교차로안,화물,남,67세,상해없음,승용,여,29세,경상,37.135666553709505,127.07275510903445
400,2012051600100347,2012년 5월 16일 15시,수요일,경기도 오산시 금암동,경상사고,0,0,1,0,차대사람 - 횡단중,안전운전불이행,포장 - 건조,맑음,단일로 - 기타,승용,남,53세,상해없음,보행자,여,6세,경상,37.17527849569069,127.04469047306858
401,2012052500100613,2012년 5월 25일 21시,금요일,경기도 오산시 궐동,중상사고,0,1,2,0,차대차 - 추돌 - 주정차중,안전운전불이행,포장 - 건조,맑음,단일로 - 기타,승용,남,30세,상해없음,승용,여,32세,중상,37.159405016119,127.05990758767513
402,2012052900100487,2012년 5월 29일 20시,화요일,경기도 오산시 금암동,중상사고,0,2,1,0,차대차 - 정면충돌,중앙선침범,포장 - 건조,맑음,단일로 - 기타,승용,남,53세,상해없음,승용,남,36세,중상,37.176859000795766,127.04532497099578
403,2012071500100420,2012년 7월 15일 17시,일요일,경기도 오산시 세교동,경상사고,0,0,2,0,차대차 - 측면직각충돌,교차로운행방법위반,포장 - 건조,맑음,단일로 - 기타,승용,남,40세,상해없음,화물,남,32세,경상,37.18813415841192,127.04179486348272
404,2012071600100308,2012년 7월 16일 15시,월요일,경기도 오산시 원동,경상사고,0,0,1,0,차대사람 - 횡단중,안전운전불이행,포장 - 건조,맑음,단일로 - 횡단보도부근,건설기계,남,44세,상해없음,보행자,여,4세,경상,37.13622008893418,127.08101132529772
405,2012071700100277,2012년 7월 17일 15시,화요일,경기도 오산시 수청동,중상사고,0,1,0,0,차대사람 - 기타,보행자보호의무위반,포장 - 건조,맑음,단일로 - 횡단보도상,이륜,남,20세,상해없음,보행자,여,8세,중상,37.16827166892643,127.06773195616088
406,2012072300100304,2012년 7월 23일 14시,월요일,경기도 오산시 오산동,중상사고,0,1,0,0,차대차 - 측면직각충돌,안전운전불이행,포장 - 건조,맑음,단일로 - 기타,승용,남,68세,상해없음,자전거,남,12세,중상,37.139402430643145,127.07836008274818
407,2012073100100583,2012년 7월 31일 23시,화요일,경기도 오산시 오산동,중상사고,0,2,1,0,차대차 - 기타,안전운전불이행,포장 - 습기,비,단일로 - 기타,승용,남,48세,상해없음,승용,남,32세,중상,37.15580168096003,127.07270537877747
408,2012080100100245,2012년 8월 1일 13시,수요일,경기도 오산시 원동,중상사고,0,1,0,0,차대사람 - 길가장자리구역통행중,안전운전불이행,포장 - 건조,맑음,단일로 - 기타,승용,남,33세,상해없음,보행자,남,12세,중상,37.13578512250595,127.08042743268949
409,2012080100100310,2012년 8월 1일 15시,수요일,경기도 오산시 수청동,중상사고,0,2,1,0,차대차 - 추돌 - 진행중,안전운전불이행,포장 - 건조,맑음,단일로 - 기타,승용,남,38세,상해없음,승용,여,54세,중상,37.16817026000829,127.06714630664847
410,2012080500100296,2012년 8월 5일 16시,일요일,경기도 오산시 오산동,경상사고,0,0,2,0,차대사람 - 횡단중,보행자보호의무위반,포장 - 건조,맑음,단일로 - 횡단보도상,승용,여,29세,상해없음,보행자,남,7세,경상,37.146696044057066,127.06835351073389
411,2012080700100350,2012년 8월 7일 16시,화요일,경기도 오산시 원동,중상사고,0,1,1,0,차대사람 - 보도통행중,안전운전불이행,포장 - 건조,맑음,단일로 - 기타,승용,여,46세,상해없음,보행자,여,33세,중상,37.15259546070607,127.07860321406139
412,2012080900100365,2012년 8월 9일 17시,목요일,경기도 오산시 탑동,경상사고,0,0,1,0,차대차 - 측면직각충돌,안전운전불이행,포장 - 건조,맑음,단일로 - 기타,승용,남,51세,상해없음,자전거,여,9세,경상,37.1323033747424,127.05157863715046
413,2012081000100428,2012년 8월 10일 17시,금요일,경기도 오산시 원동,중상사고,0,1,0,0,차대사람 - 기타,신호위반,포장 - 건조,맑음,교차로 - 교차로안,승용,남,39세,상해없음,보행자,여,6세,중상,37.145509893357435,127.07668658922532
414,2012081000100470,2012년 8월 10일 18시,금요일,경기도 오산시 내삼미동,경상사고,0,0,12,0,차대차 - 측면직각충돌,안전운전불이행,포장 - 건조,맑음,단일로 - 기타,승용,남,40세,상해없음,승합,남,39세,경상,37.18386962068424,127.04870527912973
415,2012081900100328,2012년 8월 19일 18시,일요일,경기도 오산시 오산동,중상사고,0,1,0,0,차대차 - 정면충돌,안전운전불이행,포장 - 건조,흐림,단일로 - 횡단보도상,승용,남,49세,상해없음,자전거,남,9세,중상,37.15913362625252,127.0787982928235
416,2012082900100101,2012년 8월 29일 08시,수요일,경기도 오산시 원동,부상신고사고,0,0,0,1,차대사람 - 횡단중,안전운전불이행,포장 - 건조,맑음,단일로 - 기타,승용,여,36세,상해없음,보행자,남,7세,부상신고,37.13337526377856,127.0725067411554
417,2012083000100581,2012년 8월 30일 23시,목요일,경기도 오산시 원동,경상사고,0,0,4,3,차대차 - 추돌 - 진행중,안전운전불이행,포장 - 건조,맑음,단일로 - 기타,화물,남,58세,상해없음,승합,남,51세,상해없음,37.14332915340558,127.08197026441911
418,2012090600100521,2012년 9월 6일 18시,목요일,경기도 오산시 오산동,경상사고,0,0,1,0,차대사람 - 횡단중,보행자보호의무위반,포장 - 건조,맑음,교차로 - 교차로안,승용,여,30세,상해없음,보행자,남,6세,경상,37.15003757929644,127.07454689068317
419,2012092300100372,2012년 9월 23일 16시,일요일,경기도 오산시 오산동,경상사고,0,0,4,0,차대차 - 측면직각충돌,신호위반,포장 - 건조,맑음,교차로 - 교차로안,승용,남,74세,상해없음,승용,남,36세,경상,37.168068261167626,127.04553880015337
420,2012092400100442,2012년 9월 24일 17시,월요일,경기도 오산시 원동,경상사고,0,0,1,0,차대사람 - 횡단중,안전운전불이행,포장 - 건조,맑음,단일로 - 기타,승용,여,55세,상해없음,보행자,여,5세,경상,37.147619643357146,127.07177482504423
421,2012092800100633,2012년 9월 28일 19시,금요일,경기도 오산시 누읍동,중상사고,0,1,0,0,차대사람 - 보도통행중,보행자보호의무위반,포장 - 건조,맑음,단일로 - 횡단보도상,화물,남,46세,상해없음,보행자,남,7세,중상,37.14135928422651,127.04769122546763
422,2012101100100477,2012년 10월 11일 17시,목요일,경기도 오산시 금암동,경상사고,0,0,1,0,차대사람 - 횡단중,안전운전불이행,포장 - 건조,맑음,교차로 - 교차로부근,이륜,남,47세,상해없음,보행자,남,8세,경상,37.17675509619613,127.04414183448735
423,2012101900100125,2012년 10월 19일 08시,금요일,경기도 오산시 금암동,경상사고,0,0,5,0,차대차 - 정면충돌,신호위반,포장 - 건조,맑음,교차로 - 교차로안,승용,남,31세,경상,승용,여,41세,경상,37.176387750739245,127.04247531479488
424,2012102100100497,2012년 10월 21일 21시,일요일,경기도 오산시 오산동,경상사고,0,0,3,0,차대차 - 측면직각충돌,안전운전불이행,포장 - 건조,맑음,단일로 - 기타,화물,남,58세,상해없음,승용,여,37세,경상,37.149351694933806,127.06481363722922
425,2012102500100311,2012년 10월 25일 14시,목요일,경기도 오산시 궐동,경상사고,0,0,1,0,차대사람 - 기타,교차로운행방법위반,포장 - 건조,맑음,교차로 - 교차로부근,승용,남,26세,상해없음,보행자,남,9세,경상,37.15970748223143,127.06353522912902
426,2012102500100358,2012년 10월 25일 16시,목요일,경기도 오산시 가수동,중상사고,0,1,3,0,차대차 - 추돌 - 주정차중,안전운전불이행,포장 - 건조,맑음,교차로 - 교차로부근,승용,남,64세,상해없음,승용,여,39세,중상,37.14462501536694,127.05267788742718
427,2012110800100403,2012년 11월 8일 18시,목요일,경기도 오산시 수청동,부상신고사고,0,0,0,1,차대사람 - 기타,안전운전불이행,포장 - 건조,맑음,단일로 - 기타,화물,남,32세,상해없음,보행자,여,1세,부상신고,37.165634577543955,127.06192851950249
428,2012111300100494,2012년 11월 13일 19시,화요일,경기도 오산시 고현동,중상사고,0,1,0,0,차대사람 - 횡단중,보행자보호의무위반,포장 - 건조,흐림,단일로 - 기타,승용,남,43세,상해없음,보행자,남,8세,중상,37.13270222991158,127.07824461358832
429,2012120400100240,2012년 12월 4일 11시,화요일,경기도 오산시 갈곶동,중상사고,0,1,3,0,차대차 - 측면직각충돌,신호위반,포장 - 건조,맑음,교차로 - 교차로안,승용,남,26세,상해없음,승용,남,62세,경상,37.12823932294949,127.0687229917749
430,2012120400100469,2012년 12월 4일 18시,화요일,경기도 오산시 원동,경상사고,0,0,3,0,차대사람 - 횡단중,신호위반,포장 - 건조,맑음,교차로 - 교차로부근,승용,남,54세,상해없음,보행자,여,42세,경상,37.14756426875979,127.07627134358049
431,2012120500100145,2012년 12월 5일 10시,수요일,경기도 오산시 수청동,경상사고,0,0,1,1,차대차 - 측면직각충돌,안전운전불이행,포장 - 적설,눈,교차로 - 교차로부근,승용,여,29세,상해없음,승합,여,63세,상해없음,37.169942261334086,127.05894299143289
432,2012121000100351,2012년 12월 10일 17시,월요일,경기도 오산시 누읍동,경상사고,0,0,3,0,차대차 - 측면직각충돌,직진우회전진행방해,포장 - 건조,맑음,교차로 - 교차로안,승용,남,44세,경상,승용,여,43세,경상,37.190389846707404,127.01169039555887
433,2012121100100382,2012년 12월 11일 17시,화요일,경기도 오산시 금암동,경상사고,0,0,1,0,차량단독 - 공작물충돌,안전운전불이행,포장 - 결빙,맑음,단일로 - 터널,승용,여,29세,상해없음,,,,,37.167133648589946,127.04181265973664
434,2012121300100526,2012년 12월 13일 21시,목요일,경기도 오산시 부산동,경상사고,0,0,4,0,차대차 - 추돌 - 주정차중,안전운전불이행,포장 - 건조,맑음,교차로 - 교차로부근,화물,남,28세,상해없음,승용,남,42세,경상,37.158996874497824,127.08577540053442
435,2012122300100135,2012년 12월 23일 09시,일요일,경기도 오산시 오산동,중상사고,0,1,5,2,차대차 - 추돌 - 진행중,안전운전불이행,포장 - 건조,맑음,교차로 - 교차로안,승용,남,60세,상해없음,승합,남,46세,경상,37.138049987861876,127.06872144612731
436,2013011700100336,2013년 1월 17일 17시,목요일,경기도 오산시 원동,경상사고,0,0,1,0,차대사람 - 횡단중,안전운전불이행,포장 - 건조,맑음,교차로 - 교차로안,기타불명,기타불명,기타불명,기타불명,보행자,남,8세,경상,37.14644100560824,127.0700675574068
437,2013011800100617,2013년 1월 18일 23시,금요일,경기도 오산시 내삼미동,중상사고,0,3,2,0,차대차 - 측면직각충돌,중앙선침범,포장 - 습기,맑음,단일로 - 기타,승용,남,31세,상해없음,승용,남,66세,중상,37.17450785960599,127.05970965980215
438,2013012000100338,2013년 1월 20일 19시,일요일,경기도 오산시 외삼미동,경상사고,0,0,3,0,차대차 - 추돌 - 주정차중,안전운전불이행,포장 - 건조,맑음,단일로 - 기타,화물,남,46세,상해없음,승용,남,36세,경상,37.18944362106643,127.06296245022033
439,2013012400100161,2013년 1월 24일 08시,목요일,경기도 오산시 원동,중상사고,0,2,1,0,차대차 - 기타,신호위반,포장 - 건조,맑음,교차로 - 교차로안,승용,남,69세,상해없음,승용,남,40세,상해없음,37.13702155837202,127.07826969598624
440,2013020900100297,2013년 2월 9일 18시,토요일,경기도 오산시 내삼미동,중상사고,0,1,5,0,차대차 - 추돌 - 진행중,신호위반,포장 - 건조,맑음,교차로 - 교차로안,승합,남,62세,상해없음,승용,남,36세,경상,37.17855496590032,127.04100993941393
441,2013021600100253,2013년 2월 16일 13시,토요일,경기도 오산시 원동,경상사고,0,0,4,0,차대차 - 측면직각충돌,교차로운행방법위반,포장 - 건조,맑음,교차로 - 교차로안,승용,남,53세,상해없음,승용,여,38세,경상,37.13629932307879,127.07803642841047
442,2013022300100190,2013년 2월 23일 09시,토요일,경기도 오산시 원동,중상사고,0,2,2,0,차대차 - 정면충돌,신호위반,포장 - 건조,맑음,교차로 - 교차로안,승용,남,57세,상해없음,승용,남,32세,중상,37.14157526057754,127.07341466633274
443,2013022300100307,2013년 2월 23일 13시,토요일,경기도 오산시 원동,중상사고,0,2,1,0,차대차 - 측면직각충돌,안전운전불이행,포장 - 건조,맑음,단일로 - 기타,화물,남,61세,상해없음,승용,여,40세,중상,37.141702381553905,127.07365069554798
444,2013022800100258,2013년 2월 28일 13시,목요일,경기도 오산시 원동,경상사고,0,0,3,0,차대차 - 기타,신호위반,포장 - 건조,맑음,교차로 - 교차로안,승합,남,59세,상해없음,승용,여,39세,경상,37.13380408633302,127.06903456399019
445,2013030900100298,2013년 3월 9일 13시,토요일,경기도 오산시 원동,경상사고,0,0,3,3,차대차 - 추돌 - 주정차중,안전운전불이행,포장 - 건조,맑음,단일로 - 기타,승용,남,56세,상해없음,승용,남,63세,경상,37.14614717709221,127.07347206753553
446,2013032200100377,2013년 3월 22일 17시,금요일,경기도 오산시 오산동,부상신고사고,0,0,0,1,차대사람 - 기타,안전운전불이행,포장 - 건조,맑음,단일로 - 기타,기타불명,기타불명,기타불명,기타불명,보행자,여,12세,부상신고,37.149372943444405,127.06565871332546
447,2013032400100206,2013년 3월 24일 13시,일요일,경기도 오산시 오산동,경상사고,0,0,1,0,차대사람 - 기타,안전운전불이행,포장 - 건조,맑음,단일로 - 기타,승용,남,36세,상해없음,보행자,남,3세,경상,37.13375595363669,127.0706234035469
448,2013041100100435,2013년 4월 11일 19시,목요일,경기도 오산시 궐동,경상사고,0,0,1,0,차대사람 - 기타,안전운전불이행,포장 - 건조,맑음,단일로 - 기타,승용,남,40세,상해없음,보행자,여,8세,경상,37.15855674063719,127.06680921631684
449,2013041200100374,2013년 4월 12일 16시,금요일,경기도 오산시 원동,중상사고,0,1,0,0,차대사람 - 기타,안전운전불이행,포장 - 건조,맑음,단일로 - 기타,승용,여,39세,상해없음,보행자,여,8세,중상,37.14269122533687,127.08756218874439
450,2013041700100412,2013년 4월 17일 18시,수요일,경기도 오산시 누읍동,경상사고,0,0,1,0,차대사람 - 기타,신호위반,포장 - 건조,맑음,단일로 - 횡단보도상,승용,남,30세,상해없음,보행자,남,12세,경상,37.141982472103386,127.04794724817076
451,2013042700100474,2013년 4월 27일 18시,토요일,경기도 오산시 원동,경상사고,0,0,2,0,차대차 - 기타,안전운전불이행,포장 - 건조,맑음,단일로 - 기타,승용,남,39세,상해없음,승용,남,33세,상해없음,37.141032347930796,127.07291016223083
452,2013050700100336,2013년 5월 7일 16시,화요일,경기도 오산시 오산동,경상사고,0,0,2,0,차대차 - 추돌 - 주정차중,안전운전불이행,포장 - 건조,맑음,단일로 - 기타,승용,남,65세,상해없음,승용,여,28세,상해없음,37.15277438486985,127.07578498287702
453,2013051400100105,2013년 5월 14일 07시,화요일,경기도 오산시 원동,경상사고,0,0,2,0,차대차 - 측면직각충돌,신호위반,포장 - 건조,맑음,교차로 - 교차로안,승합,남,68세,상해없음,승용,여,37세,경상,37.13630726599859,127.07288730282754
454,2013051700100560,2013년 5월 17일 20시,금요일,경기도 오산시 원동,중상사고,0,1,0,0,차대사람 - 횡단중,신호위반,포장 - 건조,맑음,교차로 - 교차로안,원동기,남,17세,상해없음,보행자,남,5세,중상,37.138995471129626,127.07317889168259
455,2013052900100291,2013년 5월 29일 14시,수요일,경기도 오산시 궐동,중상사고,0,1,0,0,차대사람 - 기타,안전운전불이행,포장 - 건조,맑음,단일로 - 기타,승용,남,55세,상해없음,보행자,남,5세,중상,37.16113899058329,127.0559430746724
456,2013060500100249,2013년 6월 5일 12시,수요일,경기도 오산시 궐동,중상사고,0,1,0,0,차대사람 - 기타,안전운전불이행,포장 - 건조,맑음,단일로 - 기타,승용,남,31세,상해없음,보행자,남,5세,중상,37.15700851001721,127.06043772641402
457,2013061500100370,2013년 6월 15일 14시,토요일,경기도 오산시 서동,경상사고,0,0,1,0,차대차 - 정면충돌,안전운전불이행,포장 - 건조,맑음,단일로 - 기타,이륜,남,17세,상해없음,자전거,여,7세,경상,37.14419212834816,127.04351900200692
458,2013061500100614,2013년 6월 15일 21시,토요일,경기도 오산시 오산동,경상사고,0,0,4,1,차대차 - 측면직각충돌,안전운전불이행,포장 - 건조,맑음,단일로 - 기타,건설기계,남,41세,상해없음,승합,남,60세,경상,37.15284130880891,127.07681020464996
459,2013061600100507,2013년 6월 16일 21시,일요일,경기도 오산시 금암동,중상사고,0,1,0,0,차대사람 - 기타,보행자보호의무위반,포장 - 건조,맑음,단일로 - 횡단보도상,승용,여,42세,상해없음,보행자,여,6세,중상,37.1770315323447,127.04562846495377
460,2013062800100579,2013년 6월 28일 21시,금요일,경기도 오산시 궐동,경상사고,0,0,5,0,차대차 - 기타,신호위반,포장 - 건조,맑음,교차로 - 교차로안,승용,남,61세,상해없음,승용,여,43세,경상,37.16207327649646,127.06440290664334
461,2013070500100555,2013년 7월 5일 21시,금요일,경기도 오산시 누읍동,경상사고,0,0,1,0,차대사람 - 횡단중,안전운전불이행,포장 - 건조,맑음,기타 - 기타,화물,남,49세,상해없음,보행자,여,1세,경상,37.14444350454627,127.04778837522349
462,2013070600100426,2013년 7월 6일 18시,토요일,경기도 오산시 궐동,부상신고사고,0,0,0,1,차대사람 - 기타,안전운전불이행,포장 - 건조,맑음,단일로 - 기타,승용,여,42세,상해없음,보행자,여,6세,부상신고,37.15999600319684,127.05883399201022
463,2013071000100356,2013년 7월 10일 17시,수요일,경기도 오산시 내삼미동,중상사고,0,1,1,0,차대차 - 기타,신호위반,포장 - 건조,맑음,교차로 - 교차로안,승용,여,33세,상해없음,승용,여,38세,중상,37.17693458721942,127.05304663180557
464,2013071800100387,2013년 7월 18일 17시,목요일,경기도 오산시 수청동,중상사고,0,1,0,0,차대사람 - 횡단중,신호위반,포장 - 건조,맑음,교차로 - 교차로부근,승용,남,49세,상해없음,보행자,여,5세,중상,37.1637859293726,127.06661505419122
465,2013072900100308,2013년 7월 29일 16시,월요일,경기도 오산시 부산동,경상사고,0,0,3,1,차대차 - 추돌 - 주정차중,안전거리미확보,포장 - 건조,맑음,단일로 - 기타,승용,남,30세,상해없음,승용,남,53세,상해없음,37.11890505388598,127.10846383689079
466,2013080500100178,2013년 8월 5일 11시,월요일,경기도 오산시 원동,중상사고,0,1,2,2,차대차 - 추돌 - 진행중,안전운전불이행,포장 - 건조,맑음,단일로 - 기타,승용,남,32세,상해없음,승용,남,45세,상해없음,37.110845075300624,127.11421967916557
467,2013080500100424,2013년 8월 5일 18시,월요일,경기도 오산시 고현동,중상사고,0,1,0,0,차대차 - 기타,신호위반,포장 - 건조,맑음,단일로 - 횡단보도상,승용,남,52세,상해없음,자전거,여,8세,중상,37.13080045651426,127.08838187782787
468,2013080800100146,2013년 8월 8일 09시,목요일,경기도 오산시 누읍동,중상사고,0,1,1,0,차대차 - 측면직각충돌,신호위반,포장 - 건조,맑음,교차로 - 교차로안,화물,남,34세,상해없음,승용,여,35세,중상,37.141794057667276,127.05278210125262
469,2013081300100103,2013년 8월 13일 08시,화요일,경기도 오산시 고현동,경상사고,0,0,2,0,차대차 - 기타,신호위반,포장 - 건조,맑음,교차로 - 교차로안,승용,남,46세,상해없음,승용,여,32세,경상,37.132800358099246,127.0853534231855
470,2013083000100300,2013년 8월 30일 14시,금요일,경기도 오산시 오산동,부상신고사고,0,0,0,1,차대사람 - 길가장자리구역통행중,안전운전불이행,포장 - 건조,맑음,교차로 - 교차로안,기타불명,기타불명,기타불명,기타불명,보행자,여,9세,부상신고,37.14848910981238,127.06561788392658
471,2013090700100164,2013년 9월 7일 09시,토요일,경기도 오산시 탑동,중상사고,0,1,0,0,차대사람 - 횡단중,안전운전불이행,포장 - 건조,맑음,단일로 - 기타,승용,남,52세,상해없음,보행자,여,12세,중상,37.1422258395824,127.04792348836558
472,2013091500100336,2013년 9월 15일 16시,일요일,경기도 오산시 수청동,중상사고,0,2,2,0,차대차 - 추돌 - 진행중,안전운전불이행,포장 - 건조,맑음,교차로 - 교차로부근,승용,남,52세,상해없음,승용,남,42세,중상,37.17045442503116,127.06081165381279
473,2013092000100139,2013년 9월 20일 12시,금요일,경기도 오산시 오산동,경상사고,0,0,2,0,차대사람 - 횡단중,보행자보호의무위반,포장 - 건조,맑음,단일로 - 횡단보도상,승용,여,56세,상해없음,보행자,남,6세,경상,37.15059197248696,127.06849270247378
474,2013100500100253,2013년 10월 5일 11시,토요일,경기도 오산시 금암동,경상사고,0,0,1,0,차대차 - 기타,신호위반,포장 - 건조,맑음,교차로 - 교차로부근,승용,여,40세,상해없음,자전거,남,5세,경상,37.14957439351074,127.07365880169998
475,2013101300100452,2013년 10월 13일 21시,일요일,경기도 오산시 오산동,중상사고,0,1,2,1,차대차 - 측면직각충돌,교차로운행방법위반,포장 - 건조,맑음,교차로 - 교차로안,승용,여,52세,부상신고,승합,남,56세,상해없음,37.154856403384905,127.06831458334257
476,2013111600100193,2013년 11월 16일 10시,토요일,경기도 오산시 내삼미동,경상사고,0,0,4,0,차대차 - 기타,교차로운행방법위반,포장 - 건조,맑음,교차로 - 교차로안,승용,남,34세,상해없음,승용,여,37세,경상,37.17463008883042,127.05867196575963
477,2013112000100114,2013년 11월 20일 08시,수요일,경기도 오산시 오산동,중상사고,0,1,0,0,차대사람 - 기타,안전운전불이행,포장 - 건조,맑음,단일로 - 기타,승용,남,49세,상해없음,보행자,여,12세,중상,37.1554514382646,127.07793630778204
478,2013112000100334,2013년 11월 20일 16시,수요일,경기도 오산시 가수동,경상사고,0,0,1,0,차대사람 - 기타,안전운전불이행,포장 - 건조,맑음,교차로 - 교차로안,승용,여,33세,상해없음,보행자,남,8세,경상,37.14584403502276,127.05081253130916
479,2013120500100571,2013년 12월 5일 23시,목요일,경기도 오산시 내삼미동,중상사고,0,1,4,0,차대차 - 기타,교차로운행방법위반,포장 - 건조,흐림,교차로 - 교차로안,승용,남,31세,경상,승용,남,51세,경상,37.175945908341966,127.0538632199924
480,2013121300100280,2013년 12월 13일 15시,금요일,경기도 오산시 궐동,경상사고,0,0,1,0,차대사람 - 기타,안전운전불이행,포장 - 결빙,흐림,단일로 - 기타,승용,남,65세,상해없음,보행자,여,7세,경상,37.15865605296006,127.0574317627744
481,2013121400100231,2013년 12월 14일 11시,토요일,경기도 오산시 오산동,중상사고,0,1,0,0,차대사람 - 횡단중,보행자보호의무위반,포장 - 건조,맑음,단일로 - 횡단보도상,승용,남,51세,상해없음,보행자,남,9세,중상,37.15139033973678,127.07459689504235
482,2013121900100364,2013년 12월 19일 16시,목요일,경기도 오산시 원동,경상사고,0,0,1,0,차대사람 - 기타,보행자보호의무위반,포장 - 습기,흐림,교차로 - 교차로부근,승용,남,46세,상해없음,보행자,남,7세,경상,37.1499611628744,127.07582066631598
483,2013122200100173,2013년 12월 22일 11시,일요일,경기도 오산시 수청동,중상사고,0,2,1,0,차대차 - 정면충돌,안전운전불이행,포장 - 건조,맑음,단일로 - 기타,승용,남,31세,상해없음,승용,남,38세,경상,37.16215214267282,127.06144954172196
484,2013122300100177,2013년 12월 23일 10시,월요일,경기도 오산시 부산동,경상사고,0,0,6,1,차대차 - 기타,안전거리미확보,포장 - 건조,맑음,단일로 - 기타,승용,남,39세,경상,승용,여,42세,경상,37.158699664951484,127.08339867139358
485,2008011200100399,2008년 1월 12일 18시,토요일,경기도 오산시 오산동,경상사고,0,0,1,0,차대사람 - 기타,안전운전불이행,포장 - 건조,맑음,단일로 - 횡단보도상,승용,남,33세,상해없음,보행자,남,12세,경상,37.15597291960911,127.07268203119921
486,2008011400100005,2008년 1월 14일 00시,월요일,경기도 오산시 갈곶동,중상사고,0,4,0,0,차대차 - 측면직각충돌,신호위반,포장 - 건조,맑음,단일로 - 기타,승용,여,22세,상해없음,승용,남,46세,중상,37.2709768609814,127.54433476910287
487,2008011400100144,2008년 1월 14일 12시,월요일,경기도 오산시 원동,중상사고,0,1,0,0,차대사람 - 횡단중,안전운전불이행,포장 - 건조,맑음,단일로 - 기타,승용,남,34세,상해없음,보행자,남,7세,중상,37.15356516987361,127.06074753404985
488,2008011900100264,2008년 1월 19일 15시,토요일,경기도 오산시 오산동,경상사고,0,0,1,0,차대사람 - 기타,안전운전불이행,포장 - 건조,맑음,단일로 - 기타,승용,기타불명,기타불명,기타불명,보행자,여,9세,경상,37.14942700205378,127.06564718455154
489,2008012200100222,2008년 1월 22일 12시,화요일,경기도 오산시 원동,중상사고,0,3,13,0,차대차 - 추돌 - 주정차중,안전운전불이행,포장 - 습기,눈,단일로 - 기타,승합,남,33세,상해없음,승합,남,34세,경상,37.14428927532909,127.06856780988952
490,2008020400100295,2008년 2월 4일 16시,월요일,경기도 오산시 오산동,중상사고,0,1,1,0,차대사람 - 횡단중,보행자보호의무위반,포장 - 건조,맑음,단일로 - 횡단보도상,이륜,남,55세,상해없음,보행자,여,46세,중상,37.15057696466712,127.05285112536131
491,2008022200100516,2008년 2월 22일 22시,금요일,경기도 오산시 세교동,중상사고,0,2,2,0,차대차 - 추돌 - 진행중,안전운전불이행,포장 - 건조,맑음,단일로 - 기타,승용,남,27세,상해없음,승용,남,40세,중상,37.19429805701434,127.04311617314926
492,2008022600100064,2008년 2월 26일 01시,화요일,경기도 오산시 은계동,경상사고,0,0,4,0,차대차 - 추돌 - 주정차중,안전운전불이행,포장 - 결빙,눈,단일로 - 기타,승용,남,43세,상해없음,승용,남,42세,경상,37.16981433526415,127.0679274597535
493,2008022700100235,2008년 2월 27일 14시,수요일,경기도 오산시 갈곶동,경상사고,0,0,2,0,차대차 - 측면직각충돌,신호위반,포장 - 건조,맑음,단일로 - 기타,승용,남,23세,상해없음,승용,여,24세,경상,37.14988084585382,127.07362355474879