,사고번호,사고일시,요일,시군구,사고내용,사망자수,중상자수,경상자수,부상신고자수,사고유형,법규위반,노면상태,기상상태,도로형태,가해운전자 차종,가해운전자 성별,가해운전자 연령,가해운전자 상해정도,피해운전자 차종,피해운전자 성별,피해운전자 연령,피해운전자 상해정도,lat,lon
494,2008022700100310,2008년 2월 27일 17시,수요일,경기도 오산시 청호동,경상사고,0,0,1,0,차대사람 - 횡단중,안전운전불이행,포장 - 건조,맑음,단일로 - 기타,승용,여,34세,상해없음,보행자,남,12세,경상,37.15174411366999,127.0824951275571
495,2008030300100132,2008년 3월 3일 10시,월요일,경기도 오산시 원동,중상사고,0,1,0,0,차대사람 - 횡단중,보행자보호의무위반,포장 - 건조,맑음,단일로 - 횡단보도상,승용,여,29세,상해없음,보행자,여,9세,중상,37.14646822613527,127.0701125032597
496,2008031300100358,2008년 3월 13일 18시,목요일,경기도 오산시 갈곶동,중상사고,0,1,0,0,차대사람 - 횡단중,보행자보호의무위반,포장 - 습기,비,단일로 - 횡단보도상,승용,남,31세,상해없음,보행자,남,11세,중상,37.13073367824049,127.06782111103723
497,2008031500100243,2008년 3월 15일 12시,토요일,경기도 오산시 부산동,중상사고,0,1,6,0,차대차 - 추돌 - 진행중,안전거리미확보,포장 - 건조,맑음,단일로 - 기타,승용,남,51세,상해없음,승용,남,50세,경상,37.13958225848669,127.08561562947258
498,2008031800100423,2008년 3월 18일 20시,화요일,경기도 오산시 오산동,경상사고,0,0,1,0,차대사람 - 보도통행중,신호위반,포장 - 건조,맑음,단일로 - 횡단보도상,이륜,남,17세,상해없음,보행자,여,2세,경상,37.146471215200975,127.06851234261727
499,2008032800100128,2008년 3월 28일 08시,금요일,경기도 오산시 부산동,경상사고,0,0,4,0,차대차 - 측면직각충돌,안전운전불이행,포장 - 건조,맑음,단일로 - 기타,화물,남,31세,상해없음,승용,여,30세,경상,37.15166650467605,127.07369404585725
500,2008033000100336,2008년 3월 30일 15시,일요일,경기도 오산시 오산동,경상사고,0,0,1,0,차대사람 - 기타,안전운전불이행,포장 - 건조,흐림,단일로 - 기타,승용,기타불명,기타불명,기타불명,보행자,남,3세,경상,37.26922145456004,127.10567598951873
501,2008033100100274,2008년 3월 31일 15시,월요일,경기도 오산시 누읍동,경상사고,0,0,1,0,차대사람 - 횡단중,안전운전불이행,포장 - 건조,맑음,단일로 - 횡단보도부근,승용,여,45세,기타불명,보행자,여,8세,경상,37.1415114146177,127.04739749633184
502,2008041700100410,2008년 4월 17일 18시,목요일,경기도 오산시 수청동,중상사고,0,4,0,0,차대차 - 측면직각충돌,신호위반,포장 - 건조,맑음,단일로 - 기타,승용,남,44세,상해없음,화물,남,34세,중상,37.15041972424207,127.06586779800567
503,2008042600100427,2008년 4월 26일 15시,토요일,경기도 오산시 궐동,경상사고,0,0,1,0,차대사람 - 횡단중,안전운전불이행,포장 - 건조,맑음,단일로 - 횡단보도상,승용,남,60세,상해없음,보행자,남,6세,경상,37.15238221599866,127.06739102252276
504,2008050500100335,2008년 5월 5일 15시,월요일,경기도 오산시 원동,경상사고,0,0,4,0,차대차 - 추돌 - 진행중,안전운전불이행,포장 - 건조,맑음,교차로 - 교차로부근,승용,여,24세,기타불명,승용,남,43세,경상,37.15575031814399,127.07343817255948
505,2008060600100483,2008년 6월 6일 19시,금요일,경기도 오산시 부산동,경상사고,0,0,4,0,차대차 - 추돌 - 진행중,안전거리미확보,포장 - 건조,맑음,단일로 - 기타,승용,남,23세,상해없음,승용,남,32세,경상,37.06701649933898,127.13506817332834
506,2008061400100307,2008년 6월 14일 12시,토요일,경기도 오산시 부산동,중상사고,0,1,0,0,차대사람 - 횡단중,보행자보호의무위반,포장 - 건조,맑음,단일로 - 횡단보도상,승용,여,33세,상해없음,보행자,남,7세,중상,37.15588038343792,127.07446313530986
507,2008061400100486,2008년 6월 14일 17시,토요일,경기도 오산시 원동,경상사고,0,0,1,0,차대차 - 측면직각충돌,안전운전불이행,포장 - 건조,맑음,단일로 - 기타,승용,남,33세,상해없음,자전거,여,9세,경상,37.14096524395289,127.08158672439768
508,2008062100100593,2008년 6월 21일 21시,토요일,경기도 오산시 오산동,경상사고,0,0,3,0,차대차 - 추돌 - 주정차중,안전운전불이행,포장 - 건조,맑음,교차로 - 교차로부근,승용,기타불명,기타불명,기타불명,승용,여,41세,경상,37.1490961988316,127.07358216508015
509,2008070900100607,2008년 7월 9일 23시,수요일,경기도 오산시 누읍동,경상사고,0,0,1,0,차대사람 - 횡단중,신호위반,포장 - 건조,맑음,교차로 - 교차로안,승용,남,48세,상해없음,보행자,남,7세,경상,37.147446606050075,127.06653566072563
510,2008071100100481,2008년 7월 11일 18시,금요일,경기도 오산시 부산동,경상사고,0,0,1,0,차대사람 - 기타,기타,포장 - 건조,맑음,단일로 - 기타,승합,남,61세,상해없음,보행자,여,6세,경상,37.1517398966152,127.0764547145552
511,2008071500100553,2008년 7월 15일 21시,화요일,경기도 오산시 원동,경상사고,0,0,1,0,차대사람 - 차도통행중,안전운전불이행,포장 - 건조,맑음,교차로 - 교차로부근,승합,기타불명,기타불명,기타불명,보행자,남,12세,경상,37.13921601189327,127.07187081851565
512,2008071700100510,2008년 7월 17일 19시,목요일,경기도 오산시 부산동,경상사고,0,0,1,0,차대차 - 측면직각충돌,안전운전불이행,포장 - 건조,맑음,단일로 - 기타,승용,남,50세,상해없음,자전거,남,5세,경상,37.13670196850792,127.08456956288394
513,2008071900100744,2008년 7월 19일 23시,토요일,경기도 오산시 원동,중상사고,0,2,2,0,차대차 - 측면직각충돌,안전거리미확보,포장 - 습기,비,단일로 - 기타,승용,남,43세,상해없음,승용,여,36세,중상,37.14162947742271,127.06863681298394
514,2008072000100451,2008년 7월 20일 17시,일요일,경기도 오산시 궐동,경상사고,0,0,1,0,차대차 - 정면충돌,안전운전불이행,포장 - 건조,맑음,단일로 - 기타,원동기,기타불명,기타불명,기타불명,자전거,남,12세,경상,37.15987653581327,127.06530389487027
515,2008072000100478,2008년 7월 20일 18시,일요일,경기도 오산시 가장동,중상사고,0,2,1,0,차대차 - 정면충돌,중앙선침범,포장 - 습기,비,단일로 - 기타,승용,남,29세,상해없음,승용,남,46세,중상,37.163728942759086,126.98333407102898
516,2008072100100197,2008년 7월 21일 11시,월요일,경기도 오산시 원동,경상사고,0,0,1,0,차대사람 - 횡단중,안전운전불이행,포장 - 건조,맑음,교차로 - 교차로안,승용,여,38세,상해없음,보행자,남,12세,경상,37.155523144837815,127.07538895238302
517,2008072800100205,2008년 7월 28일 12시,월요일,경기도 오산시 오산동,중상사고,0,1,0,0,차대사람 - 횡단중,안전운전불이행,포장 - 건조,맑음,단일로 - 기타,승합,남,39세,상해없음,보행자,남,11세,중상,37.15470002165938,127.06275930113156
518,2008080400100458,2008년 8월 4일 19시,월요일,경기도 오산시 궐동,경상사고,0,0,1,0,차대사람 - 횡단중,안전운전불이행,포장 - 건조,맑음,교차로 - 교차로부근,승용,남,31세,상해없음,보행자,남,5세,경상,37.156893802964625,127.06109195428154
519,2008082200100179,2008년 8월 22일 09시,금요일,경기도 오산시 원동,경상사고,0,0,4,0,차대차 - 측면직각충돌,안전운전불이행,포장 - 습기,비,단일로 - 기타,승용,남,34세,상해없음,승용,남,38세,경상,37.128588788241814,127.09527538591163
520,2008090900100134,2008년 9월 9일 08시,화요일,경기도 오산시 갈곶동,경상사고,0,0,1,0,차대사람 - 횡단중,안전운전불이행,포장 - 건조,맑음,교차로 - 교차로부근,승합,여,35세,상해없음,보행자,남,10세,경상,37.13361460258476,127.06900166264462
521,2008091700100368,2008년 9월 17일 17시,수요일,경기도 오산시 오산동,중상사고,0,1,0,0,차대사람 - 횡단중,안전운전불이행,포장 - 건조,맑음,단일로 - 횡단보도부근,화물,남,65세,상해없음,보행자,여,3세,중상,37.15273852223923,127.06861770001328
522,2008101000100182,2008년 10월 10일 10시,금요일,경기도 오산시 오산동,경상사고,0,0,3,0,차대차 - 측면직각충돌,중앙선침범,포장 - 건조,맑음,단일로 - 기타,승용,남,60세,상해없음,승용,여,32세,경상,37.1453677805651,127.06762739193542
523,2008101400100395,2008년 10월 14일 17시,화요일,경기도 오산시 궐동,경상사고,0,0,1,0,차대사람 - 차도통행중,안전운전불이행,포장 - 건조,맑음,단일로 - 기타,화물,남,32세,상해없음,보행자,남,7세,경상,37.16088401193365,127.06703473752627
524,2008101600100306,2008년 10월 16일 13시,목요일,경기도 오산시 오산동,중상사고,0,1,1,0,차대사람 - 횡단중,안전운전불이행,포장 - 건조,맑음,교차로 - 교차로안,승용,여,50세,상해없음,보행자,여,30세,중상,37.153658380604696,127.06864712254016
525,2008102100100272,2008년 10월 21일 13시,화요일,경기도 오산시 가수동,경상사고,0,0,1,0,차대사람 - 기타,안전운전불이행,포장 - 건조,맑음,단일로 - 기타,승합,남,53세,상해없음,보행자,남,10세,경상,37.144043040598056,127.0514300116335
526,2008111400100329,2008년 11월 14일 15시,금요일,경기도 오산시 궐동,경상사고,0,0,1,0,차대사람 - 기타,안전운전불이행,포장 - 건조,맑음,단일로 - 기타,승용,남,18세,상해없음,보행자,여,12세,경상,37.1618662022796,127.05744977579754
527,2008112600100418,2008년 11월 26일 18시,수요일,경기도 오산시 원동,중상사고,0,1,0,0,차대사람 - 횡단중,신호위반,포장 - 건조,맑음,단일로 - 횡단보도상,승용,남,56세,상해없음,보행자,여,11세,중상,37.13567991905432,127.06910452644046
528,2008121700100412,2008년 12월 17일 18시,수요일,경기도 오산시 오산동,경상사고,0,0,1,0,차대차 - 측면직각충돌,신호위반,포장 - 건조,맑음,교차로 - 교차로부근,승합,여,42세,상해없음,자전거,남,9세,경상,37.15347375265157,127.07714534825722
529,2008121800100371,2008년 12월 18일 16시,목요일,경기도 오산시 오산동,중상사고,0,1,2,0,차대차 - 측면직각충돌,신호위반,포장 - 건조,맑음,교차로 - 교차로안,승용,여,38세,상해없음,화물,남,38세,경상,37.15264885557615,127.07841138360487
530,2009010800100411,2009년 1월 8일 21시,목요일,경기도 오산시 궐동,경상사고,0,0,3,0,차대차 - 추돌 - 주정차중,안전운전불이행,포장 - 건조,맑음,단일로 - 기타,승용,남,41세,상해없음,승용,남,31세,경상,37.173372328473704,127.03484804486732
531,2009012400100116,2009년 1월 24일 06시,토요일,경기도 오산시 오산동,중상사고,0,1,3,0,차대차 - 추돌 - 진행중,안전운전불이행,포장 - 결빙,눈,단일로 - 기타,승용,남,37세,상해없음,승용,남,41세,중상,37.15572103457685,127.07284099961655
532,2009012500100134,2009년 1월 25일 08시,일요일,경기도 오산시 원동,경상사고,0,0,4,0,차대차 - 추돌 - 진행중,안전운전불이행,포장 - 결빙,맑음,단일로 - 기타,승용,남,27세,상해없음,승용,남,38세,경상,37.530855874330534,126.98933912396822
533,2009013000100375,2009년 1월 30일 16시,금요일,경기도 오산시 부산동,중상사고,0,1,0,0,차대사람 - 횡단중,안전운전불이행,포장 - 건조,맑음,단일로 - 기타,승용,여,40세,상해없음,보행자,남,8세,중상,37.157768109728735,127.08017961039735
534,2009020500100261,2009년 2월 5일 15시,목요일,경기도 오산시 원동,중상사고,0,1,0,0,차대사람 - 길가장자리구역통행중,안전운전불이행,포장 - 건조,맑음,단일로 - 기타,승합,남,53세,상해없음,보행자,남,10세,중상,37.140137239416994,127.07468340237381
535,2009021000100448,2009년 2월 10일 19시,화요일,경기도 오산시 청학동,경상사고,0,0,3,0,차대차 - 정면충돌,신호위반,포장 - 건조,맑음,교차로 - 교차로안,승용,여,57세,상해없음,승용,여,33세,경상,37.14951031697333,127.06148850237443
536,2009021300100316,2009년 2월 13일 13시,금요일,경기도 오산시 원동,중상사고,0,1,0,0,차대사람 - 횡단중,안전운전불이행,포장 - 습기,맑음,단일로 - 횡단보도부근,승용,남,48세,상해없음,보행자,남,12세,중상,37.14148614113685,127.07369678219945
537,2009032800100184,2009년 3월 28일 09시,토요일,경기도 오산시 궐동,중상사고,0,1,0,0,차대사람 - 횡단중,안전운전불이행,포장 - 건조,맑음,단일로 - 기타,승용,남,40세,상해없음,보행자,남,8세,중상,37.160951086340766,127.06333760542711
538,2009032900100467,2009년 3월 29일 21시,일요일,경기도 오산시 원동,경상사고,0,0,5,0,차대차 - 추돌 - 주정차중,안전운전불이행,포장 - 건조,맑음,단일로 - 기타,승용,여,37세,상해없음,승용,여,70세,경상,37.13434260224301,127.06836726395642
539,2009033000100412,2009년 3월 30일 18시,월요일,경기도 오산시 누읍동,중상사고,0,1,0,0,차대사람 - 횡단중,안전운전불이행,포장 - 건조,맑음,교차로 - 교차로부근,승용,여,42세,상해없음,보행자,남,5세,중상,37.14053177332655,127.04366157830798
540,2009040400100339,2009년 4월 4일 13시,토요일,경기도 오산시 가수동,경상사고,0,0,1,0,차대사람 - 횡단중,안전운전불이행,포장 - 건조,맑음,단일로 - 기타,승용,남,29세,상해없음,보행자,남,9세,경상,37.14052221823222,127.04352641571299
541,2009041100100658,2009년 4월 11일 22시,토요일,경기도 오산시 은계동,중상사고,0,2,2,0,차대차 - 추돌 - 진행중,안전운전불이행,포장 - 건조,맑음,교차로 - 교차로부근,승용,남,29세,상해없음,승용,남,31세,중상,37.16090465282448,127.074924186165
542,2009041600100339,2009년 4월 16일 16시,목요일,경기도 오산시 갈곶동,중상사고,0,1,0,0,차대사람 - 횡단중,안전운전불이행,포장 - 건조,맑음,기타 - 기타,화물,남,55세,상해없음,보행자,남,5세,중상,37.132431551633694,127.07092259322451
543,2009041900100244,2009년 4월 19일 13시,일요일,경기도 오산시 원동,경상사고,0,0,1,0,차대사람 - 차도통행중,안전운전불이행,포장 - 건조,맑음,단일로 - 기타,기타불명,기타불명,기타불명,기타불명,보행자,남,8세,경상,37.14569956119618,127.07434184822655
544,2009042100100591,2009년 4월 21일 22시,화요일,경기도 오산시 궐동,중상사고,0,1,0,0,차대사람 - 횡단중,안전운전불이행,포장 - 건조,맑음,단일로 - 기타,화물,남,43세,상해없음,보행자,남,6세,중상,37.15699814895818,127.06008840262731
545,2009042200100373,2009년 4월 22일 17시,수요일,경기도 오산시 궐동,중상사고,0,1,0,0,차대사람 - 횡단중,안전운전불이행,포장 - 건조,맑음,단일로 - 기타,승용,남,37세,상해없음,보행자,남,10세,중상,37.15999649736942,127.06840273924944
546,2009042600100292,2009년 4월 26일 14시,일요일,경기도 오산시 오산동,경상사고,0,0,3,0,차대차 - 추돌 - 주정차중,안전운전불이행,포장 - 건조,맑음,교차로 - 교차로부근,화물,남,35세,상해없음,승용,남,32세,경상,37.153305099717805,127.08031291690995
547,2009050400100209,2009년 5월 4일 11시,월요일,경기도 오산시 오산동,중상사고,0,1,0,0,차대사람 - 횡단중,안전운전불이행,포장 - 건조,맑음,교차로 - 교차로안,화물,남,48세,상해없음,보행자,여,3세,중상,37.13798778336287,127.03662123141702
548,2009050500100555,2009년 5월 5일 20시,화요일,경기도 오산시 누읍동,경상사고,0,0,5,0,차대차 - 추돌 - 주정차중,안전운전불이행,포장 - 건조,맑음,교차로 - 교차로부근,승용,남,48세,상해없음,승용,여,31세,경상,37.143264203788966,127.04827883960242
549,2009050700100558,2009년 5월 7일 20시,목요일,경기도 오산시 오산동,부상신고사고,0,0,0,1,차대사람 - 차도통행중,안전운전불이행,포장 - 건조,맑음,단일로 - 기타,승용,기타불명,기타불명,기타불명,보행자,남,10세,부상신고,37.14924552943056,127.0725221716361
550,2009051300100352,2009년 5월 13일 15시,수요일,경기도 오산시 갈곶동,중상사고,0,1,0,0,차대사람 - 길가장자리구역통행중,안전운전불이행,포장 - 건조,맑음,단일로 - 기타,승합,여,41세,상해없음,보행자,남,4세,중상,37.13327669943747,127.07026513482752
551,2009052300100346,2009년 5월 23일 14시,토요일,경기도 오산시 원동,경상사고,0,0,1,0,차대사람 - 횡단중,보행자보호의무위반,포장 - 건조,흐림,단일로 - 횡단보도상,원동기,남,16세,상해없음,보행자,여,7세,경상,37.1463942486206,127.07444000964256
552,2009052800100606,2009년 5월 28일 23시,목요일,경기도 오산시 원동,경상사고,0,0,6,1,차대차 - 측면직각충돌,신호위반,포장 - 건조,맑음,단일로 - 기타,승용,남,52세,상해없음,승용,남,36세,경상,37.13697597537641,127.0781346995913
553,2009060200100416,2009년 6월 2일 17시,화요일,경기도 오산시 갈곶동,경상사고,0,0,1,0,차대차 - 측면직각충돌,안전운전불이행,포장 - 건조,맑음,단일로 - 횡단보도상,원동기,남,69세,상해없음,자전거,여,10세,경상,37.13136661053821,127.06828001885196
554,2009061200100433,2009년 6월 12일 16시,금요일,경기도 오산시 부산동,중상사고,0,1,0,0,차대사람 - 횡단중,안전운전불이행,포장 - 건조,맑음,단일로 - 기타,원동기,남,37세,상해없음,보행자,남,7세,중상,37.154908801833734,127.07994487813795
555,2009061300100664,2009년 6월 13일 21시,토요일,경기도 오산시 원동,중상사고,0,2,3,0,차대차 - 추돌 - 주정차중,안전운전불이행,포장 - 건조,맑음,단일로 - 기타,화물,남,41세,상해없음,승용,남,30세,중상,37.13373598711567,127.07251631232906
556,2009061600100148,2009년 6월 16일 08시,화요일,경기도 오산시 내삼미동,경상사고,0,0,4,0,차대차 - 측면직각충돌,안전운전불이행,포장 - 건조,맑음,단일로 - 기타,승용,남,39세,상해없음,승합,여,35세,경상,37.17861226616836,127.05548456841845
557,2009061600100597,2009년 6월 16일 22시,화요일,경기도 오산시 원동,경상사고,0,0,3,0,차대차 - 추돌 - 진행중,안전운전불이행,포장 - 건조,맑음,교차로 - 교차로부근,승용,남,46세,상해없음,승용,남,28세,경상,37.14257673718032,127.07356771514326
558,2009061800100343,2009년 6월 18일 15시,목요일,경기도 오산시 원동,중상사고,0,1,0,0,차대사람 - 횡단중,신호위반,포장 - 건조,맑음,단일로 - 횡단보도상,승용,남,61세,상해없음,보행자,여,4세,중상,37.14678888939521,127.07629749638069
559,2009062600100299,2009년 6월 26일 13시,금요일,경기도 오산시 오산동,경상사고,0,0,1,0,차대사람 - 차도통행중,안전운전불이행,포장 - 건조,맑음,단일로 - 기타,자전거,기타불명,기타불명,기타불명,보행자,남,6세,경상,37.147673408040795,127.07168442037226
560,2009062800100216,2009년 6월 28일 12시,일요일,경기도 오산시 양산동,중상사고,0,1,0,0,차대사람 - 보도통행중,보행자보호의무위반,포장 - 건조,맑음,교차로 - 교차로안,승용,남,39세,상해없음,보행자,남,4세,중상,37.19371663144034,127.02875418278818
561,2009072100100426,2009년 7월 21일 16시,화요일,경기도 오산시 오산동,경상사고,0,0,2,0,차대차 - 측면직각충돌,안전운전불이행,포장 - 건조,맑음,단일로 - 기타,승용,남,50세,상해없음,승용,여,35세,경상,37.152791900724424,127.06842586288253
562,2009072100100530,2009년 7월 21일 19시,화요일,경기도 오산시 원동,중상사고,0,1,0,0,차대사람 - 기타,안전운전불이행,포장 - 건조,맑음,기타 - 기타,승용,여,34세,상해없음,보행자,남,5세,중상,37.146870008212765,127.07386307584022
563,2009072200100253,2009년 7월 22일 12시,수요일,경기도 오산시 오산동,경상사고,0,0,1,0,차대사람 - 횡단중,신호위반,포장 - 건조,맑음,단일로 - 횡단보도상,승용,여,45세,상해없음,보행자,남,9세,경상,37.14981425654785,127.0678991462092
564,2009072300100158,2009년 7월 23일 09시,목요일,경기도 오산시 원동,중상사고,0,2,0,0,차대사람 - 횡단중,안전운전불이행,포장 - 건조,맑음,단일로 - 기타,승용,남,29세,상해없음,보행자,여,11세,중상,37.14153965480767,127.07353878015014
565,2009072600100380,2009년 7월 26일 18시,일요일,경기도 오산시 원동,중상사고,0,1,4,0,차대차 - 추돌 - 진행중,안전운전불이행,포장 - 건조,맑음,교차로 - 교차로안,승용,남,48세,상해없음,승용,남,29세,중상,37.14271957993474,127.07318392918727
566,2009072900100264,2009년 7월 29일 11시,수요일,경기도 오산시 원동,중상사고,0,1,0,0,차대사람 - 횡단중,안전운전불이행,포장 - 건조,맑음,단일로 - 횡단보도상,승용,남,37세,상해없음,보행자,여,8세,중상,37.13605494499536,127.08270215517308
567,2009073100100189,2009년 7월 31일 10시,금요일,경기도 오산시 궐동,중상사고,0,1,0,0,차대사람 - 횡단중,안전운전불이행,포장 - 건조,맑음,단일로 - 기타,승용,남,52세,상해없음,보행자,남,5세,중상,37.15934800357679,127.05915274310712
568,2009080100100216,2009년 8월 1일 10시,토요일,경기도 오산시 오산동,경상사고,0,0,4,0,차대차 - 측면직각충돌,신호위반,포장 - 건조,맑음,교차로 - 교차로안,기타불명,기타불명,기타불명,기타불명,승용,남,32세,경상,37.14891502809379,127.06855704153205
569,2009081000100252,2009년 8월 10일 12시,월요일,경기도 오산시 오산동,경상사고,0,0,6,1,차대차 - 추돌 - 주정차중,안전거리미확보,포장 - 건조,맑음,단일로 - 기타,화물,남,44세,기타불명,화물,남,56세,경상,37.149272557396344,127.06534366305415
570,2009090200100427,2009년 9월 2일 17시,수요일,경기도 오산시 오산동,경상사고,0,0,1,0,차대차 - 기타,안전운전불이행,포장 - 건조,맑음,단일로 - 기타,자전거,여,12세,경상,승용,여,54세,상해없음,37.14966062772946,127.0750219608652
571,2009091300100131,2009년 9월 13일 07시,일요일,경기도 오산시 고현동,중상사고,0,3,3,0,차대차 - 측면직각충돌,신호위반,포장 - 건조,맑음,단일로 - 기타,승용,남,28세,상해없음,승용,남,35세,경상,37.13589138964361,127.07259631236298
572,2009091800100209,2009년 9월 18일 09시,금요일,경기도 오산시 누읍동,중상사고,0,1,2,0,차대차 - 측면직각충돌,교차로운행방법위반,포장 - 건조,맑음,교차로 - 교차로안,특수,남,40세,경상,승용,여,33세,중상,37.13541616707912,127.08557817517244
573,2009092000100168,2009년 9월 20일 08시,일요일,경기도 오산시 부산동,중상사고,0,1,1,0,차대차 - 측면직각충돌,교차로운행방법위반,포장 - 건조,맑음,교차로 - 교차로안,승용,남,30세,상해없음,승용,남,31세,중상,37.158854770220366,127.08637338596597
574,2009092400100264,2009년 9월 24일 12시,목요일,경기도 오산시 가수동,중상사고,0,1,0,0,차대사람 - 횡단중,안전운전불이행,포장 - 건조,맑음,단일로 - 기타,승용,여,52세,상해없음,보행자,남,9세,중상,37.14496157232811,127.05112118524359
575,2009092400100356,2009년 9월 24일 15시,목요일,경기도 오산시 수청동,경상사고,0,0,1,0,차대사람 - 기타,안전운전불이행,포장 - 건조,맑음,단일로 - 기타,승용,여,37세,상해없음,보행자,남,2세,경상,37.179504347827574,127.05302252575152
576,2009100100100559,2009년 10월 1일 17시,목요일,경기도 오산시 은계동,경상사고,0,0,1,0,차대사람 - 차도통행중,안전운전불이행,포장 - 건조,맑음,단일로 - 기타,기타불명,기타불명,기타불명,기타불명,보행자,남,12세,경상,37.16088544256513,127.07460869494739
577,2009101400100343,2009년 10월 14일 14시,수요일,경기도 오산시 수청동,경상사고,0,0,1,0,차대사람 - 보도통행중,보행자보호의무위반,포장 - 건조,맑음,교차로 - 교차로안,승용,여,25세,상해없음,보행자,여,8세,경상,37.17325507669518,127.05986234494878
578,2009101700100598,2009년 10월 17일 17시,토요일,경기도 오산시 수청동,중상사고,0,1,0,0,차대사람 - 횡단중,보행자보호의무위반,포장 - 건조,맑음,단일로 - 횡단보도상,승용,남,39세,상해없음,보행자,여,7세,중상,37.16313070098393,127.06979665181422
579,2009102100100188,2009년 10월 21일 09시,수요일,경기도 오산시 고현동,경상사고,0,0,3,0,차대차 - 측면직각충돌,신호위반,포장 - 건조,맑음,교차로 - 교차로안,화물,남,49세,상해없음,승용,여,30세,경상,37.13302182169151,127.0892507058096
580,2009102300100423,2009년 10월 23일 16시,금요일,경기도 오산시 원동,경상사고,0,0,1,0,차대사람 - 횡단중,신호위반,포장 - 건조,맑음,교차로 - 교차로안,승용,여,30세,상해없음,보행자,남,4세,경상,37.14022017087507,127.07033367405954
581,2009102900100331,2009년 10월 29일 15시,목요일,경기도 오산시 갈곶동,경상사고,0,0,1,0,차대차 - 측면직각충돌,안전운전불이행,포장 - 건조,맑음,교차로 - 교차로부근,승용,남,36세,상해없음,자전거,남,12세,경상,37.132257820005364,127.07028122135462
582,2009110200100297,2009년 11월 2일 13시,월요일,경기도 오산시 오산동,경상사고,0,0,1,0,차대사람 - 기타,안전운전불이행,포장 - 건조,맑음,기타 - 기타,승용,남,50세,상해없음,보행자,남,10세,경상,37.152239736014856,127.06786502301873
583,2009112700100371,2009년 11월 27일 16시,금요일,경기도 오산시 원동,경상사고,0,0,4,0,차대차 - 추돌 - 진행중,신호위반,포장 - 건조,맑음,교차로 - 교차로안,승용,남,28세,상해없음,승용,남,36세,경상,37.146362453031536,127.07802358875945
584,2009112900100424,2009년 11월 29일 17시,일요일,경기도 오산시 고현동,경상사고,0,0,2,0,차량단독 - 공작물충돌,안전운전불이행,포장 - 습기,비,단일로 - 기타,승용,여,28세,상해없음,,,,,37.13148136885147,127.08716203875272
585,2009121300100439,2009년 12월 13일 19시,일요일,경기도 오산시 부산동,경상사고,0,0,9,0,차대차 - 추돌 - 진행중,안전운전불이행,포장 - 건조,맑음,교차로 - 교차로부근,승용,남,50세,상해없음,승용,남,28세,경상,37.193924172535766,127.06038103831882
586,2010011300100099,2010년 1월 13일 06시,수요일,경기도 오산시 내삼미동,경상사고,0,0,3,0,차대차 - 측면직각충돌,안전운전불이행,포장 - 건조,흐림,교차로 - 교차로안,화물,남,55세,상해없음,승용,남,40세,경상,37.19019403715736,127.05187539634626
587,2010021400100203,2010년 2월 14일 14시,일요일,경기도 오산시 오산동,경상사고,0,0,3,0,차대차 - 측면직각충돌,교차로운행방법위반,포장 - 건조,맑음,교차로 - 교차로안,승합,여,43세,기타불명,승용,남,30세,경상,37.151103930008965,127.07034969913603
588,2010021700100239,2010년 2월 17일 15시,수요일,경기도 오산시 은계동,경상사고,0,0,1,0,차대사람 - 기타,안전운전불이행,포장 - 건조,맑음,단일로 - 기타,승용,남,35세,상해없음,보행자,남,7세,경상,37.16086126229383,127.07296327244318
589,2010022600100336,2010년 2월 26일 14시,금요일,경기도 오산시 세교동,중상사고,0,3,0,0,차대차 - 측면직각충돌,교차로운행방법위반,포장 - 건조,맑음,교차로 - 교차로안,화물,남,52세,기타불명,승용,여,42세,중상,37.1847915546162,127.04472081790539
590,2010030200100250,2010년 3월 2일 14시,화요일,경기도 오산시 궐동,중상사고,0,1,0,0,차대사람 - 횡단중,보행자보호의무위반,포장 - 건조,맑음,단일로 - 횡단보도상,승용,여,33세,상해없음,보행자,남,8세,중상,37.157211204526135,127.06628596997908
591,2010030900100376,2010년 3월 9일 18시,화요일,경기도 오산시 오산동,경상사고,0,0,2,0,차대차 - 정면충돌,신호위반,포장 - 습기,비,교차로 - 교차로안,승용,남,47세,상해없음,승용,여,36세,경상,37.148793107699156,127.07451891659694