,사고번호,사고일시,요일,시군구,사고내용,사망자수,중상자수,경상자수,부상신고자수,사고유형,법규위반,노면상태,기상상태,도로형태,가해운전자 차종,가해운전자 성별,가해운전자 연령,가해운전자 상해정도,피해운전자 차종,피해운전자 성별,피해운전자 연령,피해운전자 상해정도,lat,lon
592,2010031200100462,2010년 3월 12일 21시,금요일,경기도 오산시 원동,중상사고,0,1,0,0,차대사람 - 횡단중,안전운전불이행,포장 - 건조,맑음,단일로 - 기타,승용,남,39세,상해없음,보행자,남,12세,중상,37.1471428698787,127.07449284491574
593,2010031300100012,2010년 3월 13일 00시,토요일,경기도 오산시 원동,경상사고,0,0,4,0,차대차 - 추돌 - 주정차중,안전운전불이행,포장 - 건조,맑음,단일로 - 기타,승용,여,40세,상해없음,승용,남,41세,경상,37.14129594334514,127.07347231685634
594,2010032800100378,2010년 3월 28일 18시,일요일,경기도 오산시 원동,중상사고,0,1,0,0,차대사람 - 횡단중,안전운전불이행,포장 - 건조,맑음,단일로 - 횡단보도상,승용,남,32세,상해없음,보행자,남,4세,중상,37.14118765582296,127.07345028937858
595,2010032800100379,2010년 3월 28일 18시,일요일,경기도 오산시 원동,중상사고,0,1,0,0,차대사람 - 횡단중,안전운전불이행,포장 - 건조,맑음,단일로 - 횡단보도상,승용,남,32세,상해없음,보행자,남,4세,중상,37.14127782599387,127.07344986611876
596,2010040100100529,2010년 4월 1일 21시,목요일,경기도 오산시 원동,중상사고,0,1,0,0,차대사람 - 횡단중,안전운전불이행,포장 - 건조,맑음,단일로 - 기타,승용,남,34세,상해없음,보행자,여,5세,중상,37.1361903392287,127.07296672210592
597,2010040400100433,2010년 4월 4일 20시,일요일,경기도 오산시,경상사고,0,0,2,0,차대차 - 추돌 - 진행중,안전운전불이행,포장 - 건조,맑음,기타 - 기타,승용,남,46세,상해없음,승용,남,27세,경상,37.151496633211444,127.06688813727932
598,2010041100100244,2010년 4월 11일 14시,일요일,경기도 오산시 오산동,경상사고,0,0,1,0,차대사람 - 기타,안전운전불이행,포장 - 건조,맑음,단일로 - 기타,승용,남,36세,상해없음,보행자,여,11세,경상,37.14592724891813,127.07012633703799
599,2010041700100254,2010년 4월 17일 12시,토요일,경기도 오산시 갈곶동,중상사고,0,1,0,0,차대사람 - 횡단중,교차로운행방법위반,포장 - 건조,맑음,교차로 - 교차로안,이륜,남,48세,상해없음,보행자,남,8세,중상,37.13099958694775,127.0689915432074
600,2010050100100269,2010년 5월 1일 12시,토요일,경기도 오산시 원동,경상사고,0,0,10,0,차대차 - 추돌 - 주정차중,안전거리미확보,포장 - 건조,맑음,교차로 - 교차로부근,승용,여,24세,상해없음,승용,여,49세,경상,37.13579495084626,127.07819650309314
601,2010050700100041,2010년 5월 7일 02시,금요일,경기도 오산시 원동,경상사고,0,0,3,0,차대차 - 추돌 - 진행중,신호위반,포장 - 건조,맑음,교차로 - 교차로안,승용,여,28세,상해없음,승용,남,31세,경상,37.14888972745687,127.0762538933413
602,2010051000100321,2010년 5월 10일 15시,월요일,경기도 오산시 원동,중상사고,0,2,0,0,차대사람 - 보도통행중,신호위반,포장 - 건조,맑음,교차로 - 교차로안,화물,남,56세,상해없음,보행자,여,30세,중상,37.136967331759536,127.07823614501892
603,2010051000100379,2010년 5월 10일 17시,월요일,경기도 오산시 갈곶동,경상사고,0,0,1,0,차대사람 - 기타,안전운전불이행,포장 - 건조,맑음,단일로 - 기타,승합,남,46세,상해없음,보행자,남,9세,경상,37.12799327283181,127.05390956721145
604,2010051600100224,2010년 5월 16일 12시,일요일,경기도 오산시 수청동,경상사고,0,0,4,0,차대차 - 추돌 - 진행중,안전운전불이행,포장 - 건조,맑음,단일로 - 기타,승용,남,34세,상해없음,승용,남,33세,경상,37.173237042315435,127.05986243275345
605,2010052100100134,2010년 5월 21일 06시,금요일,경기도 오산시 궐동,경상사고,0,0,4,0,차대차 - 추돌 - 주정차중,안전운전불이행,포장 - 건조,맑음,교차로 - 교차로부근,승용,남,24세,상해없음,승용,남,36세,경상,37.154820590487304,127.06838237347836
606,2010052500100529,2010년 5월 25일 23시,화요일,경기도 오산시 내삼미동,경상사고,0,0,2,0,차대차 - 정면충돌,안전운전불이행,포장 - 건조,맑음,단일로 - 기타,승용,여,33세,상해없음,승용,여,37세,경상,37.17929561396694,127.0549851460255
607,2010052800100401,2010년 5월 28일 17시,금요일,경기도 오산시 원동,중상사고,0,1,0,0,차대사람 - 기타,안전운전불이행,포장 - 건조,맑음,단일로 - 기타,승용,여,39세,상해없음,보행자,여,9세,중상,37.1340648042156,127.08343232570505
608,2010052900100182,2010년 5월 29일 08시,토요일,경기도 오산시 원동,경상사고,0,0,4,0,차대차 - 측면직각충돌,안전운전불이행,포장 - 건조,맑음,교차로 - 교차로안,승용,여,30세,상해없음,승용,남,30세,경상,37.138906603803754,127.07352860302919
609,2010060200100414,2010년 6월 2일 16시,수요일,경기도 오산시 궐동,경상사고,0,0,1,0,차대사람 - 횡단중,안전운전불이행,포장 - 건조,맑음,교차로 - 교차로안,승합,남,52세,상해없음,보행자,남,8세,경상,37.15912408193138,127.06661489717985
610,2010060300100136,2010년 6월 3일 08시,목요일,경기도 오산시 갈곶동,중상사고,0,1,0,0,차대사람 - 차도통행중,안전운전불이행,포장 - 건조,맑음,기타 - 기타,화물,남,49세,상해없음,보행자,여,10세,중상,37.13006778552438,127.07058449852225
611,2010060600100226,2010년 6월 6일 11시,일요일,경기도 오산시 오산동,중상사고,0,1,0,0,차대사람 - 기타,안전운전불이행,포장 - 건조,맑음,단일로 - 기타,승합,남,38세,상해없음,보행자,여,2세,중상,37.14727019198811,127.06757323068317
612,2010060800100594,2010년 6월 8일 21시,화요일,경기도 오산시 원동,경상사고,0,0,2,0,차대차 - 정면충돌,신호위반,포장 - 건조,맑음,교차로 - 교차로안,이륜,남,16세,상해없음,승용,여,38세,경상,37.14155777304552,127.07356123098604
613,2010061100100396,2010년 6월 11일 16시,금요일,경기도 오산시 탑동,경상사고,0,0,2,0,차대차 - 추돌 - 진행중,안전운전불이행,포장 - 건조,맑음,단일로 - 기타,승용,남,46세,상해없음,승용,남,30세,경상,37.13421036060626,127.0435472518323
614,2010061700100581,2010년 6월 17일 21시,목요일,경기도 오산시,경상사고,0,0,1,0,차대차 - 기타,안전운전불이행,포장 - 건조,맑음,단일로 - 횡단보도상,승용,기타불명,기타불명,기타불명,자전거,남,11세,경상,37.15886344892481,127.07888970972746
615,2010061900100285,2010년 6월 19일 12시,토요일,경기도 오산시 갈곶동,중상사고,0,1,0,0,차대사람 - 횡단중,안전운전불이행,포장 - 건조,맑음,교차로 - 교차로부근,승용,남,38세,상해없음,보행자,여,8세,중상,37.12841056155206,127.0686996464868
616,2010062300100313,2010년 6월 23일 15시,수요일,경기도 오산시 갈곶동,경상사고,0,0,1,0,차대차 - 기타,신호위반,포장 - 건조,맑음,교차로 - 교차로안,승용,여,50세,상해없음,자전거,남,8세,경상,37.13211722930759,127.0664738108299
617,2010062400100365,2010년 6월 24일 17시,목요일,경기도 오산시 갈곶동,중상사고,0,1,0,0,차대차 - 측면직각충돌,교차로운행방법위반,포장 - 건조,맑음,교차로 - 교차로안,승합,남,49세,상해없음,자전거,남,7세,중상,37.130928467947285,127.06926227240437
618,2010063000100265,2010년 6월 30일 14시,수요일,경기도 오산시 고현동,중상사고,0,1,0,0,차대사람 - 횡단중,신호위반,포장 - 건조,맑음,단일로 - 횡단보도상,화물,남,18세,상해없음,보행자,남,10세,중상,37.1340020537199,127.08353401424773
619,2010070400100402,2010년 7월 4일 20시,일요일,경기도 오산시 갈곶동,경상사고,0,0,1,1,차대차 - 측면직각충돌,안전운전불이행,포장 - 건조,맑음,기타 - 기타,승용,여,49세,상해없음,화물,남,34세,상해없음,37.13015231469103,127.0714853967748
620,2010070500100454,2010년 7월 5일 19시,월요일,경기도 오산시 오산동,중상사고,0,1,0,0,차대사람 - 기타,안전운전불이행,포장 - 건조,맑음,단일로 - 기타,승용,남,32세,상해없음,보행자,남,7세,중상,37.14428683450749,127.07031441006325
621,2010070700100158,2010년 7월 7일 09시,수요일,경기도 오산시 오산동,중상사고,0,1,4,0,차대차 - 정면충돌,신호위반,포장 - 건조,맑음,교차로 - 교차로안,승용,남,36세,상해없음,화물,남,57세,중상,37.14885311761077,127.07368472893941
622,2010072200100407,2010년 7월 22일 16시,목요일,경기도 오산시 원동,경상사고,0,0,2,0,차대차 - 측면직각충돌,안전운전불이행,포장 - 건조,맑음,단일로 - 기타,승용,남,48세,상해없음,승용,여,37세,경상,37.13723784298765,127.07823489300891
623,2010072600100216,2010년 7월 26일 11시,월요일,경기도 오산시 궐동,중상사고,0,1,0,0,차대사람 - 횡단중,안전운전불이행,포장 - 건조,맑음,단일로 - 기타,화물,남,37세,상해없음,보행자,남,5세,중상,37.15886873806931,127.06823906962443
624,2010073000100568,2010년 7월 30일 21시,금요일,경기도 오산시 오산동,중상사고,0,2,0,0,차대차 - 추돌 - 주정차중,안전운전불이행,포장 - 건조,맑음,단일로 - 기타,승용,남,42세,상해없음,승용,여,38세,중상,37.15260975250221,127.08003438621574
625,2010073100100298,2010년 7월 31일 14시,토요일,경기도 오산시 수청동,중상사고,0,1,4,0,차대차 - 추돌 - 주정차중,안전운전불이행,포장 - 건조,맑음,교차로 - 교차로부근,승용,여,41세,중상,승용,남,38세,경상,37.16209165411775,127.06449298529519
626,2010081100100537,2010년 8월 11일 20시,수요일,경기도 오산시 오산동,중상사고,0,1,0,0,차대사람 - 횡단중,신호위반,포장 - 건조,맑음,단일로 - 기타,승합,남,37세,상해없음,보행자,여,8세,중상,37.15325713509467,127.07709000858185
627,2010090200100364,2010년 9월 2일 14시,목요일,경기도 오산시 궐동,중상사고,0,1,0,0,차대사람 - 기타,안전운전불이행,포장 - 건조,맑음,단일로 - 기타,승용,여,46세,상해없음,보행자,남,8세,중상,37.16027054553073,127.06222510812125
628,2010090200100484,2010년 9월 2일 18시,목요일,경기도 오산시 세교동,경상사고,0,0,1,0,차대사람 - 횡단중,안전운전불이행,포장 - 건조,맑음,단일로 - 기타,승용,여,38세,상해없음,보행자,남,7세,경상,37.18938354239633,127.04305121429272
629,2010090400100335,2010년 9월 4일 13시,토요일,경기도 오산시 궐동,중상사고,0,1,1,0,차대차 - 측면직각충돌,신호위반,포장 - 건조,맑음,단일로 - 기타,승용,여,61세,상해없음,승용,남,32세,중상,37.15652910293119,127.06475651130377
630,2010091400100467,2010년 9월 14일 18시,화요일,경기도 오산시 궐동,경상사고,0,0,1,0,차대사람 - 보도통행중,기타,포장 - 건조,맑음,기타 - 기타,이륜,남,45세,상해없음,보행자,남,8세,경상,37.15948626309929,127.05759673424231
631,2010092000100178,2010년 9월 20일 09시,월요일,경기도 오산시 원동,중상사고,0,2,0,1,차대차 - 추돌 - 주정차중,안전운전불이행,포장 - 습기,비,단일로 - 기타,승합,남,34세,상해없음,승용,남,36세,중상,37.114140281018095,127.1126966679586
632,2010093000100323,2010년 9월 30일 14시,목요일,경기도 오산시 오산동,중상사고,0,3,3,0,차대차 - 추돌 - 진행중,기타,포장 - 건조,맑음,교차로 - 교차로안,승용,여,44세,중상,승용,여,32세,경상,37.15110858454071,127.07158930230067
633,2010100200100410,2010년 10월 2일 16시,토요일,경기도 오산시 원동,중상사고,0,1,3,0,차대차 - 측면직각충돌,신호위반,포장 - 습기,비,교차로 - 교차로안,승용,여,36세,상해없음,승용,여,38세,경상,37.1403044923678,127.07358964873384
634,2010101100100545,2010년 10월 11일 21시,월요일,경기도 오산시 부산동,중상사고,0,1,7,0,차대차 - 정면충돌,신호위반,포장 - 건조,흐림,교차로 - 교차로안,승용,남,28세,상해없음,승합,남,49세,중상,37.16799581308662,127.04546026621189
635,2010101900100418,2010년 10월 19일 18시,화요일,경기도 오산시 원동,경상사고,0,0,1,0,차대사람 - 기타,안전운전불이행,포장 - 건조,맑음,단일로 - 횡단보도상,승합,남,44세,상해없음,보행자,남,6세,경상,37.146291616009286,127.07593921913897
636,2010102100100163,2010년 10월 21일 09시,목요일,경기도 오산시 원동,중상사고,0,1,0,0,차대사람 - 기타,안전운전불이행,포장 - 건조,맑음,단일로 - 기타,승용,남,41세,상해없음,보행자,남,3세,중상,37.15730933787645,127.04740794683465
637,2010102500100620,2010년 10월 25일 21시,월요일,경기도 오산시 외삼미동,경상사고,0,0,2,0,차대차 - 추돌 - 주정차중,안전운전불이행,포장 - 건조,맑음,단일로 - 기타,승용,남,33세,상해없음,승용,남,35세,경상,37.192701574990686,127.06134545499765
638,2010111000100576,2010년 11월 10일 19시,수요일,경기도 오산시 원동,중상사고,0,1,0,0,차대사람 - 횡단중,신호위반,포장 - 건조,맑음,단일로 - 횡단보도상,화물,남,30세,상해없음,보행자,여,9세,중상,37.14629378893476,127.07652517812282
639,2010111200100746,2010년 11월 12일 22시,금요일,경기도 오산시 오산동,중상사고,0,2,1,0,차대차 - 추돌 - 주정차중,안전운전불이행,포장 - 건조,흐림,교차로 - 교차로부근,승용,남,32세,상해없음,승용,남,41세,중상,37.155487561711524,127.07310131034296
640,2010112700100238,2010년 11월 27일 10시,토요일,경기도 오산시 금암동,경상사고,0,0,2,0,차대차 - 측면직각충돌,신호위반,포장 - 건조,맑음,교차로 - 교차로안,화물,남,47세,상해없음,승용,여,31세,경상,37.186117743501136,127.0426395528762
641,2010112700100407,2010년 11월 27일 15시,토요일,경기도 오산시 누읍동,중상사고,0,1,1,0,차대차 - 측면직각충돌,신호위반,포장 - 건조,맑음,교차로 - 교차로안,승합,남,57세,상해없음,승용,여,36세,중상,37.134437219587866,127.05306649624889
642,2010112900100512,2010년 11월 29일 16시,월요일,경기도 오산시 원동,경상사고,0,0,2,0,차대차 - 측면직각충돌,안전운전불이행,포장 - 건조,맑음,단일로 - 횡단보도상,승용,여,26세,상해없음,자전거,여,34세,경상,37.14121561552954,127.08101091177015
643,2010120400100566,2010년 12월 4일 20시,토요일,경기도 오산시 금암동,경상사고,0,0,4,0,차대차 - 측면직각충돌,안전운전불이행,포장 - 건조,맑음,단일로 - 기타,승용,남,46세,상해없음,승용,남,37세,경상,37.17831175214337,127.05013124937123
644,2010121600100201,2010년 12월 16일 10시,목요일,경기도 오산시 오산동,중상사고,0,1,0,0,차대사람 - 횡단중,보행자보호의무위반,포장 - 건조,맑음,단일로 - 횡단보도상,승용,여,26세,상해없음,보행자,남,6세,중상,37.15576753448475,127.07807007947288
645,2007011400100121,2007년 1월 14일 09시,일요일,경기도 오산시 세교동,경상사고,0,0,2,0,차대차 - 측면직각충돌,신호위반,포장 - 건조,맑음,교차로 - 교차로안,승용,남,40세,상해없음,승용,남,44세,상해없음,37.18989351043255,127.04656638565937
646,2007021000100336,2007년 2월 10일 16시,토요일,경기도 오산시 오산동,경상사고,0,0,1,0,차대사람 - 보도통행중,보행자보호의무위반,포장 - 건조,맑음,단일로 - 횡단보도상,승합,남,45세,상해없음,보행자,남,7세,경상,37.14912442112066,127.0763204124486
647,2007021600100327,2007년 2월 16일 14시,금요일,경기도 오산시 가수동,경상사고,0,0,1,0,차대사람 - 횡단중,안전운전불이행,포장 - 건조,맑음,단일로 - 기타,승용,남,25세,상해없음,보행자,남,3세,경상,37.14487118269284,127.05106529520967
648,2007030700100495,2007년 3월 7일 20시,수요일,경기도 오산시 오산동,중상사고,0,1,4,0,차대차 - 추돌 - 진행중,안전운전불이행,포장 - 결빙,흐림,단일로 - 교량,승용,여,50세,경상,승용,남,30세,상해없음,37.15885405767993,127.07878831923136
649,2007032300100618,2007년 3월 23일 23시,금요일,경기도 오산시 궐동,경상사고,0,0,2,0,차대차 - 추돌 - 주정차중,안전운전불이행,포장 - 건조,맑음,단일로 - 횡단보도부근,승용,남,37세,상해없음,승용,남,31세,상해없음,37.15881332542993,127.06080084215813
650,2007032800100197,2007년 3월 28일 12시,수요일,경기도 오산시 원동,경상사고,0,0,1,0,차대사람 - 횡단중,안전운전불이행,포장 - 건조,맑음,단일로 - 기타,특수,남,38세,상해없음,보행자,남,7세,경상,37.1428573990514,127.07387063705036
651,2007040200100260,2007년 4월 2일 15시,월요일,경기도 오산시 원동,경상사고,0,0,1,0,차대사람 - 기타,안전운전불이행,포장 - 건조,맑음,단일로 - 기타,승용,여,44세,상해없음,보행자,남,3세,경상,37.15468328375,127.07747781277426
652,2007040900100551,2007년 4월 9일 22시,월요일,경기도 오산시 원동,경상사고,0,0,1,0,차대사람 - 횡단중,안전운전불이행,포장 - 건조,맑음,단일로 - 기타,승용,남,46세,상해없음,보행자,남,6세,경상,37.18384978644882,127.03700290672961
653,2007041500100312,2007년 4월 15일 14시,일요일,경기도 오산시 궐동,중상사고,0,2,2,0,차대차 - 정면충돌,교차로운행방법위반,포장 - 건조,맑음,교차로 - 교차로안,승용,남,34세,상해없음,승용,남,47세,중상,37.15262617746672,127.05809250674167
654,2007041700100242,2007년 4월 17일 13시,화요일,경기도 오산시 오산동,중상사고,0,1,1,0,차대사람 - 횡단중,안전운전불이행,포장 - 건조,맑음,단일로 - 기타,승용,남,24세,상해없음,보행자,남,34세,중상,37.16797306219671,127.0698412185457
655,2007042100100367,2007년 4월 21일 15시,토요일,경기도 오산시 누읍동,중상사고,0,1,0,0,차대사람 - 횡단중,안전운전불이행,포장 - 건조,맑음,단일로 - 기타,승용,남,35세,상해없음,보행자,남,5세,중상,37.14729211898002,127.05681149920541
656,2007042700100127,2007년 4월 27일 08시,금요일,경기도 오산시 궐동,중상사고,0,1,0,0,차대사람 - 차도통행중,안전운전불이행,포장 - 건조,맑음,기타 - 기타,승용,여,28세,상해없음,보행자,남,11세,중상,37.15883559269199,127.06426075805791
657,2007050400100133,2007년 5월 4일 08시,금요일,경기도 오산시 서동,중상사고,0,1,0,0,차대사람 - 횡단중,안전운전불이행,포장 - 건조,맑음,단일로 - 기타,승용,남,41세,상해없음,보행자,남,6세,중상,37.14209773967219,127.04517477252315
658,2007051800100108,2007년 5월 18일 06시,금요일,경기도 오산시 원동,경상사고,0,0,3,0,차대차 - 측면직각충돌,신호위반,포장 - 건조,맑음,교차로 - 교차로안,승용,남,39세,상해없음,승용,남,27세,경상,37.154345224754735,127.07386176897678
659,2007052100100367,2007년 5월 21일 16시,월요일,경기도 오산시 원동,경상사고,0,0,1,0,차대사람 - 차도통행중,안전운전불이행,포장 - 건조,맑음,단일로 - 기타,화물,남,56세,상해없음,보행자,여,7세,경상,37.14641077555926,127.07162277186465
660,2007052400100201,2007년 5월 24일 09시,목요일,경기도 오산시 수청동,중상사고,0,1,0,0,차대사람 - 기타,안전운전불이행,포장 - 건조,맑음,기타 - 기타,화물,남,32세,상해없음,보행자,남,5세,중상,37.17289758004614,127.0583535799779
661,2007052400100411,2007년 5월 24일 17시,목요일,경기도 오산시 부산동,중상사고,0,1,1,0,차대차 - 추돌 - 진행중,안전운전불이행,포장 - 습기,비,단일로 - 기타,화물,남,62세,상해없음,승용,남,46세,중상,37.06585318370461,127.13505010979493
662,2007052500100560,2007년 5월 25일 20시,금요일,경기도 오산시 부산동,중상사고,0,1,0,0,차대사람 - 횡단중,안전운전불이행,포장 - 건조,맑음,단일로 - 기타,승합,남,46세,상해없음,보행자,남,8세,중상,37.15532014991278,127.07173843312411
663,2007060800100506,2007년 6월 8일 20시,금요일,경기도 오산시 오산동,경상사고,0,0,1,0,차대사람 - 기타,안전운전불이행,포장 - 건조,맑음,단일로 - 기타,화물,남,36세,상해없음,보행자,남,5세,경상,37.15632754357186,127.07589234182569
664,2007061000100397,2007년 6월 10일 19시,일요일,경기도 오산시 가수동,중상사고,0,1,0,0,차대사람 - 횡단중,안전운전불이행,포장 - 건조,맑음,단일로 - 기타,승용,남,44세,상해없음,보행자,여,12세,중상,37.154811233270735,127.06829225895189
665,2007061700100421,2007년 6월 17일 20시,일요일,경기도 오산시 오산동,경상사고,0,0,4,0,차대차 - 추돌 - 주정차중,안전운전불이행,포장 - 건조,맑음,교차로 - 교차로부근,승합,남,54세,상해없음,승용,남,41세,경상,37.15344068304767,127.07069923997295
666,2007062500100288,2007년 6월 25일 14시,월요일,경기도 오산시 오산동,중상사고,0,1,4,0,차대차 - 추돌 - 주정차중,안전운전불이행,포장 - 건조,맑음,교차로 - 교차로부근,승용,남,23세,상해없음,화물,남,57세,경상,37.14881696570179,127.07366236135886
667,2007062500100504,2007년 6월 25일 21시,월요일,경기도 오산시 청호동,중상사고,0,1,0,0,차대차 - 측면직각충돌,안전운전불이행,포장 - 건조,맑음,기타 - 기타,화물,남,24세,상해없음,자전거,남,6세,중상,37.129660933310944,127.08745189699637
668,2007070700100407,2007년 7월 7일 17시,토요일,경기도 오산시 은계동,중상사고,0,1,0,0,차대사람 - 횡단중,안전운전불이행,포장 - 건조,맑음,기타 - 기타,승용,남,29세,상해없음,보행자,남,12세,중상,37.159788293734536,127.07057896247919
669,2007071000100441,2007년 7월 10일 16시,화요일,경기도 오산시 오산동,경상사고,0,0,1,0,차대차 - 기타,안전운전불이행,포장 - 건조,맑음,교차로 - 교차로안,화물,남,43세,상해없음,자전거,남,7세,경상,37.19008757544629,127.04322799917205
670,2007071200100131,2007년 7월 12일 08시,목요일,경기도 오산시 원동,중상사고,0,1,0,0,차대사람 - 횡단중,안전운전불이행,포장 - 건조,맑음,교차로 - 교차로안,승용,여,45세,상해없음,보행자,남,8세,중상,37.14400150861524,127.07358356205661
671,2007071600100258,2007년 7월 16일 13시,월요일,경기도 오산시 가수동,중상사고,0,1,0,0,차대사람 - 보도통행중,신호위반,포장 - 건조,맑음,단일로 - 횡단보도상,승용,남,60세,상해없음,보행자,남,7세,중상,37.16817803598145,127.06681938536288
672,2007072400100298,2007년 7월 24일 16시,화요일,경기도 오산시 청학동,중상사고,0,1,0,0,차대사람 - 길가장자리구역통행중,안전운전불이행,포장 - 건조,흐림,단일로 - 기타,승용,여,45세,상해없음,보행자,여,6세,중상,37.156156086109334,127.05222605098
673,2007080900100311,2007년 8월 9일 17시,목요일,경기도 오산시 고현동,중상사고,0,1,3,0,차대차 - 추돌 - 진행중,안전운전불이행,포장 - 습기,흐림,단일로 - 기타,승용,남,40세,상해없음,승용,여,30세,중상,37.158516026551865,127.08249787359075
674,2007081200100171,2007년 8월 12일 09시,일요일,경기도 오산시 세교동,경상사고,0,0,3,0,차대차 - 정면충돌,안전운전불이행,포장 - 건조,맑음,기타 - 기타,승용,남,50세,상해없음,승용,여,40세,경상,37.18607948989888,127.0376226513508
675,2007090100100517,2007년 9월 1일 18시,토요일,경기도 오산시 궐동,중상사고,0,2,1,0,차대차 - 추돌 - 주정차중,안전운전불이행,포장 - 습기,비,교차로 - 교차로부근,화물,남,44세,상해없음,승합,여,34세,중상,37.158466208187924,127.06198592416789
676,2007090100100607,2007년 9월 1일 20시,토요일,경기도 오산시 원동,경상사고,0,0,1,0,차대사람 - 횡단중,안전운전불이행,포장 - 습기,흐림,기타 - 기타,이륜,남,29세,상해없음,보행자,남,3세,경상,37.14633104590139,127.07441776785222
677,2007090800100453,2007년 9월 8일 17시,토요일,경기도 오산시 오산동,경상사고,0,0,4,0,차대차 - 기타,안전운전불이행,포장 - 건조,맑음,단일로 - 기타,승용,남,38세,상해없음,승용,남,36세,경상,37.14607444921785,127.07817141684927
678,2007092200100417,2007년 9월 22일 15시,토요일,경기도 오산시 오산동,중상사고,0,1,2,0,차대차 - 측면직각충돌,안전운전불이행,포장 - 습기,흐림,교차로 - 교차로부근,승용,남,55세,상해없음,승용,남,40세,중상,37.148866616057276,127.07006731722228
679,2007092500100223,2007년 9월 25일 14시,화요일,경기도 오산시 내삼미동,경상사고,0,0,4,0,차대차 - 추돌 - 주정차중,안전운전불이행,포장 - 건조,맑음,기타 - 기타,승용,남,29세,상해없음,승용,남,38세,경상,37.18589022915993,127.03764618448372
680,2007100600100298,2007년 10월 6일 14시,토요일,경기도 오산시 갈곶동,중상사고,0,1,0,0,차대사람 - 횡단중,안전운전불이행,포장 - 건조,맑음,단일로 - 기타,승용,남,40세,상해없음,보행자,남,12세,중상,37.16979223083552,127.06923512860912
681,2007101000100346,2007년 10월 10일 17시,수요일,경기도 오산시 내삼미동,경상사고,0,0,1,0,차대차 - 기타,안전운전불이행,포장 - 건조,맑음,단일로 - 기타,화물,기타불명,기타불명,기타불명,자전거,남,6세,경상,37.17588700928157,127.05959016701567
682,2007102000100247,2007년 10월 20일 11시,토요일,경기도 오산시 원동,경상사고,0,0,3,0,차대차 - 정면충돌,신호위반,포장 - 건조,맑음,교차로 - 교차로안,승용,남,36세,상해없음,승용,남,46세,경상,37.14762530292203,127.06848430595521
683,2007102100100364,2007년 10월 21일 17시,일요일,경기도 오산시 부산동,중상사고,0,1,6,0,차대차 - 추돌 - 주정차중,안전운전불이행,포장 - 건조,맑음,단일로 - 기타,승용,남,30세,상해없음,승용,남,40세,경상,37.64547468181451,126.81324732671888
684,2007102400100252,2007년 10월 24일 14시,수요일,경기도 오산시 원동,경상사고,0,0,1,0,차대사람 - 횡단중,안전운전불이행,포장 - 건조,맑음,단일로 - 기타,승용,남,34세,상해없음,보행자,남,7세,경상,37.1409964081914,127.06338903011815
685,2007102800100161,2007년 10월 28일 09시,일요일,경기도 오산시 원동,경상사고,0,0,3,0,차대차 - 추돌 - 진행중,안전운전불이행,포장 - 건조,맑음,교차로 - 교차로부근,승용,남,52세,상해없음,승용,남,34세,경상,37.14824705203302,127.07802611359065
686,2007110600100375,2007년 11월 6일 17시,화요일,경기도 오산시 원동,중상사고,0,1,0,0,차대사람 - 기타,안전운전불이행,포장 - 건조,맑음,단일로 - 횡단보도상,승용,여,35세,상해없음,보행자,남,4세,중상,37.14143992118864,127.07339276576239
687,2007112000100348,2007년 11월 20일 13시,화요일,경기도 오산시 원동,경상사고,0,0,1,0,차대사람 - 횡단중,보행자보호의무위반,포장 - 건조,맑음,교차로 - 교차로안,승용,여,40세,상해없음,보행자,남,6세,경상,37.14397593307385,127.07156666075568
688,2007112500100353,2007년 11월 25일 18시,일요일,경기도 오산시 오산동,경상사고,0,0,1,0,차대사람 - 횡단중,보행자보호의무위반,포장 - 건조,맑음,단일로 - 횡단보도상,원동기,남,16세,상해없음,보행자,남,10세,경상,37.15517520864384,127.07397056686767
689,2007121400100231,2007년 12월 14일 13시,금요일,경기도 오산시 갈곶동,중상사고,0,1,0,0,차대사람 - 횡단중,신호위반,포장 - 건조,맑음,단일로 - 횡단보도상,화물,남,47세,상해없음,보행자,남,6세,중상,37.13368690795188,127.06904638724737
690,2007121400100309,2007년 12월 14일 16시,금요일,경기도 오산시 오산동,중상사고,0,1,0,0,차대차 - 측면직각충돌,신호위반,포장 - 건조,맑음,교차로 - 교차로안,이륜,남,18세,상해없음,자전거,남,11세,중상,37.153442894584174,127.0736969643449